[{"model": "admin.logentry", "pk": 1, "fields": {"action_time": "2025-01-02T23:10:18.489Z", "user": 1, "content_type": 9, "object_id": "2", "object_repr": "admin", "action_flag": 1, "change_message": "[{\"added\": {}}]"}}, {"model": "admin.logentry", "pk": 2, "fields": {"action_time": "2025-01-03T00:11:06.850Z", "user": 1, "content_type": 12, "object_id": "1", "object_repr": "Armamento", "action_flag": 1, "change_message": "[{\"added\": {}}]"}}, {"model": "admin.logentry", "pk": 3, "fields": {"action_time": "2025-01-03T12:24:29.218Z", "user": 1, "content_type": 8, "object_id": "9", "object_repr": "Empréstimo para Luuu", "action_flag": 2, "change_message": "[]"}}, {"model": "admin.logentry", "pk": 4, "fields": {"action_time": "2025-01-03T12:24:38.005Z", "user": 1, "content_type": 8, "object_id": "9", "object_repr": "Empréstimo para Luuu", "action_flag": 2, "change_message": "[]"}}, {"model": "admin.logentry", "pk": 5, "fields": {"action_time": "2025-01-03T12:24:54.686Z", "user": 1, "content_type": 8, "object_id": "9", "object_repr": "Empréstimo para Luuu", "action_flag": 2, "change_message": "[{\"changed\": {\"fields\": [\"IsAtiva\"]}}]"}}, {"model": "admin.logentry", "pk": 6, "fields": {"action_time": "2025-01-03T12:25:15.961Z", "user": 1, "content_type": 8, "object_id": "9", "object_repr": "Empréstimo para Luuu", "action_flag": 2, "change_message": "[{\"changed\": {\"fields\": [\"IsAtiva\"]}}]"}}, {"model": "admin.logentry", "pk": 7, "fields": {"action_time": "2025-01-03T12:41:11.907Z", "user": 1, "content_type": 12, "object_id": "2", "object_repr": "Optrônicos", "action_flag": 1, "change_message": "[{\"added\": {}}]"}}, {"model": "admin.logentry", "pk": 8, "fields": {"action_time": "2025-01-03T14:15:57.998Z", "user": 1, "content_type": 8, "object_id": "9", "object_repr": "Empréstimo para Luuu", "action_flag": 3, "change_message": ""}}, {"model": "admin.logentry", "pk": 9, "fields": {"action_time": "2025-01-03T14:15:58.004Z", "user": 1, "content_type": 8, "object_id": "8", "object_repr": "Empréstimo para Luuu", "action_flag": 3, "change_message": ""}}, {"model": "admin.logentry", "pk": 10, "fields": {"action_time": "2025-01-03T14:15:58.010Z", "user": 1, "content_type": 8, "object_id": "7", "object_repr": "Empréstimo para Luuu", "action_flag": 3, "change_message": ""}}, {"model": "admin.logentry", "pk": 11, "fields": {"action_time": "2025-01-03T14:15:58.019Z", "user": 1, "content_type": 8, "object_id": "6", "object_repr": "Empréstimo para Luuu", "action_flag": 3, "change_message": ""}}, {"model": "admin.logentry", "pk": 12, "fields": {"action_time": "2025-01-03T14:15:58.026Z", "user": 1, "content_type": 8, "object_id": "5", "object_repr": "Empréstimo para Luuu", "action_flag": 3, "change_message": ""}}, {"model": "admin.logentry", "pk": 13, "fields": {"action_time": "2025-01-03T14:15:58.033Z", "user": 1, "content_type": 8, "object_id": "4", "object_repr": "Empréstimo para Luuu", "action_flag": 3, "change_message": ""}}, {"model": "admin.logentry", "pk": 14, "fields": {"action_time": "2025-01-03T14:15:58.039Z", "user": 1, "content_type": 8, "object_id": "3", "object_repr": "Empréstimo para Luuu", "action_flag": 3, "change_message": ""}}, {"model": "admin.logentry", "pk": 15, "fields": {"action_time": "2025-01-03T14:15:58.046Z", "user": 1, "content_type": 8, "object_id": "2", "object_repr": "Empréstimo para Luuu", "action_flag": 3, "change_message": ""}}, {"model": "admin.logentry", "pk": 16, "fields": {"action_time": "2025-01-03T14:15:58.052Z", "user": 1, "content_type": 8, "object_id": "1", "object_repr": "Empréstimo para Luuu", "action_flag": 3, "change_message": ""}}, {"model": "admin.logentry", "pk": 17, "fields": {"action_time": "2025-01-03T14:16:06.125Z", "user": 1, "content_type": 7, "object_id": "7", "object_repr": "Luneta Carl Zeiss 50x (Qtd: 1)", "action_flag": 3, "change_message": ""}}, {"model": "admin.logentry", "pk": 18, "fields": {"action_time": "2025-01-03T14:16:06.133Z", "user": 1, "content_type": 7, "object_id": "6", "object_repr": "Fuzil - Registro: 434424", "action_flag": 3, "change_message": ""}}, {"model": "admin.logentry", "pk": 19, "fields": {"action_time": "2025-01-03T14:16:06.139Z", "user": 1, "content_type": 7, "object_id": "5", "object_repr": "Carregador de Fuzil (Qtd: 200)", "action_flag": 3, "change_message": ""}}, {"model": "admin.logentry", "pk": 20, "fields": {"action_time": "2025-01-03T14:16:06.148Z", "user": 1, "content_type": 7, "object_id": "4", "object_repr": "Fuzil - Registro: 234234545", "action_flag": 3, "change_message": ""}}, {"model": "admin.logentry", "pk": 21, "fields": {"action_time": "2025-01-03T14:16:06.153Z", "user": 1, "content_type": 7, "object_id": "3", "object_repr": "leite  (Qtd: 0)", "action_flag": 3, "change_message": ""}}, {"model": "admin.logentry", "pk": 22, "fields": {"action_time": "2025-01-03T14:16:06.161Z", "user": 1, "content_type": 7, "object_id": "2", "object_repr": "agua (Qtd: 0)", "action_flag": 3, "change_message": ""}}, {"model": "admin.logentry", "pk": 23, "fields": {"action_time": "2025-01-03T14:16:06.166Z", "user": 1, "content_type": 7, "object_id": "1", "object_repr": "teste (Qtd: 0)", "action_flag": 3, "change_message": ""}}, {"model": "admin.logentry", "pk": 24, "fields": {"action_time": "2025-01-03T14:16:23.646Z", "user": 1, "content_type": 9, "object_id": "1", "object_repr": "leonardo", "action_flag": 2, "change_message": "[{\"changed\": {\"fields\": [\"Nome\"]}}]"}}, {"model": "admin.logentry", "pk": 25, "fields": {"action_time": "2025-01-03T14:16:46.503Z", "user": 1, "content_type": 9, "object_id": "2", "object_repr": "admin", "action_flag": 2, "change_message": "[{\"changed\": {\"fields\": [\"Nome\"]}}]"}}, {"model": "admin.logentry", "pk": 26, "fields": {"action_time": "2025-01-03T14:16:56.228Z", "user": 1, "content_type": 10, "object_id": "1", "object_repr": "Luuu", "action_flag": 3, "change_message": ""}}, {"model": "admin.logentry", "pk": 27, "fields": {"action_time": "2025-01-03T14:17:16.561Z", "user": 1, "content_type": 12, "object_id": "3", "object_repr": "Cases", "action_flag": 1, "change_message": "[{\"added\": {}}]"}}, {"model": "admin.logentry", "pk": 28, "fields": {"action_time": "2025-01-03T14:18:21.757Z", "user": 1, "content_type": 7, "object_id": "8", "object_repr": "Fuzil IA2 - Registro: 8579", "action_flag": 1, "change_message": "[{\"added\": {}}]"}}, {"model": "admin.logentry", "pk": 29, "fields": {"action_time": "2025-01-03T14:18:47.240Z", "user": 1, "content_type": 7, "object_id": "9", "object_repr": "Fuzil IA2 - Registro: 5689", "action_flag": 1, "change_message": "[{\"added\": {}}]"}}, {"model": "admin.logentry", "pk": 30, "fields": {"action_time": "2025-01-03T14:18:58.161Z", "user": 1, "content_type": 7, "object_id": "10", "object_repr": "Fuzil IA2 - Registro: 9879", "action_flag": 1, "change_message": "[{\"added\": {}}]"}}, {"model": "admin.logentry", "pk": 31, "fields": {"action_time": "2025-01-03T14:19:11.943Z", "user": 1, "content_type": 7, "object_id": "11", "object_repr": "Fuzil IA2 - Registro: 6598", "action_flag": 1, "change_message": "[{\"added\": {}}]"}}, {"model": "admin.logentry", "pk": 32, "fields": {"action_time": "2025-01-03T14:19:45.348Z", "user": 1, "content_type": 7, "object_id": "12", "object_repr": "Fuzil Para-Fal 5,56mm - Registro: 8966", "action_flag": 1, "change_message": "[{\"added\": {}}]"}}, {"model": "admin.logentry", "pk": 33, "fields": {"action_time": "2025-01-03T14:20:04.962Z", "user": 1, "content_type": 7, "object_id": "13", "object_repr": "Fuzil Para-Fal 5,56mm - Registro: 8526", "action_flag": 1, "change_message": "[{\"added\": {}}]"}}, {"model": "admin.logentry", "pk": 34, "fields": {"action_time": "2025-01-03T14:20:12.541Z", "user": 1, "content_type": 7, "object_id": "14", "object_repr": "Fuzil Para-Fal 5,56mm - Registro: 7456", "action_flag": 1, "change_message": "[{\"added\": {}}]"}}, {"model": "admin.logentry", "pk": 35, "fields": {"action_time": "2025-01-03T14:20:30.727Z", "user": 1, "content_type": 7, "object_id": "15", "object_repr": "Carregador IA2 (Qtd: 300)", "action_flag": 1, "change_message": "[{\"added\": {}}]"}}, {"model": "admin.logentry", "pk": 36, "fields": {"action_time": "2025-01-03T14:20:56.206Z", "user": 1, "content_type": 7, "object_id": "16", "object_repr": "Carregador IA2 (Qtd: 200)", "action_flag": 1, "change_message": "[{\"added\": {}}]"}}, {"model": "admin.logentry", "pk": 37, "fields": {"action_time": "2025-01-03T14:21:19.873Z", "user": 1, "content_type": 7, "object_id": "17", "object_repr": "Binóculo Termal JIM LR - Registro: 68956665", "action_flag": 1, "change_message": "[{\"added\": {}}]"}}, {"model": "admin.logentry", "pk": 38, "fields": {"action_time": "2025-01-03T14:21:55.939Z", "user": 1, "content_type": 7, "object_id": "18", "object_repr": "Luneta de observação Bushnell - Registro: 59877", "action_flag": 1, "change_message": "[{\"added\": {}}]"}}, {"model": "admin.logentry", "pk": 39, "fields": {"action_time": "2025-01-03T14:50:46.042Z", "user": 1, "content_type": 9, "object_id": "2", "object_repr": "admin", "action_flag": 3, "change_message": ""}}, {"model": "admin.logentry", "pk": 40, "fields": {"action_time": "2025-01-03T14:50:46.048Z", "user": 1, "content_type": 9, "object_id": "1", "object_repr": "leonardo", "action_flag": 3, "change_message": ""}}, {"model": "admin.logentry", "pk": 41, "fields": {"action_time": "2025-01-03T14:57:24.683Z", "user": 1, "content_type": 9, "object_id": "1", "object_repr": "Leonardo Pimentel", "action_flag": 1, "change_message": "[{\"added\": {}}]"}}, {"model": "admin.logentry", "pk": 42, "fields": {"action_time": "2025-01-03T15:04:17.305Z", "user": 1, "content_type": 9, "object_id": "3", "object_repr": "Administrador", "action_flag": 1, "change_message": "[{\"added\": {}}]"}}, {"model": "admin.logentry", "pk": 43, "fields": {"action_time": "2025-01-03T15:04:27.349Z", "user": 1, "content_type": 9, "object_id": "3", "object_repr": "Administrador", "action_flag": 2, "change_message": "[{\"changed\": {\"fields\": [\"Funcao\", \"Nivel acesso\"]}}]"}}, {"model": "admin.logentry", "pk": 44, "fields": {"action_time": "2025-01-03T15:05:14.419Z", "user": 1, "content_type": 4, "object_id": "3", "object_repr": "leonardo", "action_flag": 2, "change_message": "[{\"changed\": {\"fields\": [\"First name\", \"Last name\", \"Email address\", \"Superuser status\"]}}]"}}, {"model": "admin.logentry", "pk": 45, "fields": {"action_time": "2025-01-03T15:06:08.018Z", "user": 1, "content_type": 4, "object_id": "3", "object_repr": "leonardo", "action_flag": 2, "change_message": "[{\"changed\": {\"fields\": [\"Staff status\"]}}]"}}, {"model": "admin.logentry", "pk": 46, "fields": {"action_time": "2025-01-03T15:30:49.986Z", "user": 3, "content_type": 8, "object_id": "10", "object_repr": "Empréstimo para Magno Alves de Souza", "action_flag": 3, "change_message": ""}}, {"model": "admin.logentry", "pk": 47, "fields": {"action_time": "2025-01-03T15:54:28.729Z", "user": 3, "content_type": 8, "object_id": "15", "object_repr": "Empréstimo para Magno Alves de Souza", "action_flag": 3, "change_message": ""}}, {"model": "admin.logentry", "pk": 48, "fields": {"action_time": "2025-01-03T15:54:28.736Z", "user": 3, "content_type": 8, "object_id": "12", "object_repr": "Empréstimo para Magno Alves de Souza", "action_flag": 3, "change_message": ""}}, {"model": "admin.logentry", "pk": 49, "fields": {"action_time": "2025-01-03T15:54:28.742Z", "user": 3, "content_type": 8, "object_id": "11", "object_repr": "Empréstimo para Magno Alves de Souza", "action_flag": 3, "change_message": ""}}, {"model": "admin.logentry", "pk": 50, "fields": {"action_time": "2025-01-03T15:54:37.248Z", "user": 3, "content_type": 7, "object_id": "18", "object_repr": "Luneta de observação Bushnell - Registro: 59877", "action_flag": 3, "change_message": ""}}, {"model": "admin.logentry", "pk": 51, "fields": {"action_time": "2025-01-03T15:54:37.255Z", "user": 3, "content_type": 7, "object_id": "17", "object_repr": "Binóculo Termal JIM LR - Registro: 68956665", "action_flag": 3, "change_message": ""}}, {"model": "admin.logentry", "pk": 52, "fields": {"action_time": "2025-01-03T15:54:37.261Z", "user": 3, "content_type": 7, "object_id": "16", "object_repr": "Carregador IA2 (Qtd: 200)", "action_flag": 3, "change_message": ""}}, {"model": "admin.logentry", "pk": 53, "fields": {"action_time": "2025-01-03T15:54:37.269Z", "user": 3, "content_type": 7, "object_id": "15", "object_repr": "Carregador IA2 (Qtd: 300)", "action_flag": 3, "change_message": ""}}, {"model": "admin.logentry", "pk": 54, "fields": {"action_time": "2025-01-03T15:54:37.275Z", "user": 3, "content_type": 7, "object_id": "14", "object_repr": "Fuzil Para-Fal 5,56mm - Registro: 7456", "action_flag": 3, "change_message": ""}}, {"model": "admin.logentry", "pk": 55, "fields": {"action_time": "2025-01-03T15:54:37.282Z", "user": 3, "content_type": 7, "object_id": "13", "object_repr": "Fuzil Para-Fal 5,56mm - Registro: 8526", "action_flag": 3, "change_message": ""}}, {"model": "admin.logentry", "pk": 56, "fields": {"action_time": "2025-01-03T15:54:37.289Z", "user": 3, "content_type": 7, "object_id": "12", "object_repr": "Fuzil Para-Fal 5,56mm - Registro: 8966", "action_flag": 3, "change_message": ""}}, {"model": "admin.logentry", "pk": 57, "fields": {"action_time": "2025-01-03T15:54:37.295Z", "user": 3, "content_type": 7, "object_id": "11", "object_repr": "Fuzil IA2 - Registro: 6598", "action_flag": 3, "change_message": ""}}, {"model": "admin.logentry", "pk": 58, "fields": {"action_time": "2025-01-03T15:54:37.301Z", "user": 3, "content_type": 7, "object_id": "10", "object_repr": "Fuzil IA2 - Registro: 9879", "action_flag": 3, "change_message": ""}}, {"model": "admin.logentry", "pk": 59, "fields": {"action_time": "2025-01-03T15:54:37.308Z", "user": 3, "content_type": 7, "object_id": "9", "object_repr": "Fuzil IA2 - Registro: 5689", "action_flag": 3, "change_message": ""}}, {"model": "admin.logentry", "pk": 60, "fields": {"action_time": "2025-01-03T15:54:37.313Z", "user": 3, "content_type": 7, "object_id": "8", "object_repr": "Fuzil IA2 - Registro: 8579", "action_flag": 3, "change_message": ""}}, {"model": "admin.logentry", "pk": 61, "fields": {"action_time": "2025-01-03T16:05:51.602Z", "user": 3, "content_type": 7, "object_id": "1", "object_repr": "Fuzil IA2 5,56mm - Registro: 3215464", "action_flag": 1, "change_message": "[{\"added\": {}}]"}}, {"model": "admin.logentry", "pk": 62, "fields": {"action_time": "2025-01-03T16:06:12.370Z", "user": 3, "content_type": 7, "object_id": "1", "object_repr": "Fuzil IA2 5,56mm - Registro: 3215464", "action_flag": 2, "change_message": "[{\"changed\": {\"fields\": [\"Quantidade disponivel\"]}}]"}}, {"model": "admin.logentry", "pk": 63, "fields": {"action_time": "2025-01-03T16:40:56.298Z", "user": 3, "content_type": 7, "object_id": "7", "object_repr": "Fuzil Para-Fal 5,56mm - Registro: 67566", "action_flag": 2, "change_message": "[{\"changed\": {\"fields\": [\"Quantidade disponivel\", \"Quantidade emprestada\"]}}]"}}, {"model": "admin.logentry", "pk": 64, "fields": {"action_time": "2025-01-03T16:41:12.706Z", "user": 3, "content_type": 7, "object_id": "9", "object_repr": "Fuzil Para-Fal 5,56mm - Registro: 3423", "action_flag": 2, "change_message": "[{\"changed\": {\"fields\": [\"Quantidade disponivel\", \"Quantidade emprestada\"]}}]"}}, {"model": "admin.logentry", "pk": 65, "fields": {"action_time": "2025-01-03T16:42:04.922Z", "user": 3, "content_type": 7, "object_id": "1", "object_repr": "Fuzil IA2 5,56mm - Registro: 234423", "action_flag": 2, "change_message": "[{\"changed\": {\"fields\": [\"Quantidade disponivel\", \"Quantidade emprestada\"]}}]"}}, {"model": "admin.logentry", "pk": 66, "fields": {"action_time": "2025-01-03T16:42:14.862Z", "user": 3, "content_type": 7, "object_id": "10", "object_repr": "Luneta Carl Zeiss 50x - Registro: 35454", "action_flag": 2, "change_message": "[{\"changed\": {\"fields\": [\"Quantidade disponivel\", \"Quantidade emprestada\"]}}]"}}, {"model": "admin.logentry", "pk": 67, "fields": {"action_time": "2025-01-03T18:28:53.977Z", "user": 3, "content_type": 9, "object_id": "1", "object_repr": "Leonardo Pimentel", "action_flag": 2, "change_message": "[{\"changed\": {\"fields\": [\"Nivel acesso\"]}}]"}}, {"model": "admin.logentry", "pk": 68, "fields": {"action_time": "2025-01-03T18:40:16.664Z", "user": 1, "content_type": 9, "object_id": "1", "object_repr": "Leonardo Pimentel", "action_flag": 2, "change_message": "[{\"changed\": {\"fields\": [\"Nivel acesso\"]}}]"}}, {"model": "admin.logentry", "pk": 69, "fields": {"action_time": "2025-01-03T19:11:05.193Z", "user": 1, "content_type": 9, "object_id": "1", "object_repr": "Leonardo Pimentel", "action_flag": 2, "change_message": "[{\"changed\": {\"fields\": [\"Nivel acesso\"]}}]"}}, {"model": "admin.logentry", "pk": 70, "fields": {"action_time": "2025-01-04T14:25:44.203Z", "user": 1, "content_type": 15, "object_id": "14", "object_repr": "Pronto #14 - 2025-01-03", "action_flag": 3, "change_message": ""}}, {"model": "admin.logentry", "pk": 71, "fields": {"action_time": "2025-01-04T14:25:44.216Z", "user": 1, "content_type": 15, "object_id": "13", "object_repr": "Pronto #13 - 2025-01-03", "action_flag": 3, "change_message": ""}}, {"model": "admin.logentry", "pk": 72, "fields": {"action_time": "2025-01-04T14:25:44.232Z", "user": 1, "content_type": 15, "object_id": "12", "object_repr": "Pronto #12 - 2025-01-03", "action_flag": 3, "change_message": ""}}, {"model": "admin.logentry", "pk": 73, "fields": {"action_time": "2025-01-04T14:25:44.233Z", "user": 1, "content_type": 15, "object_id": "11", "object_repr": "Pronto #11 - 2025-01-03", "action_flag": 3, "change_message": ""}}, {"model": "admin.logentry", "pk": 74, "fields": {"action_time": "2025-01-04T14:25:44.247Z", "user": 1, "content_type": 15, "object_id": "10", "object_repr": "Pronto #10 - 2025-01-03", "action_flag": 3, "change_message": ""}}, {"model": "admin.logentry", "pk": 75, "fields": {"action_time": "2025-01-04T14:25:44.255Z", "user": 1, "content_type": 15, "object_id": "9", "object_repr": "Pronto #9 - 2025-01-03", "action_flag": 3, "change_message": ""}}, {"model": "admin.logentry", "pk": 76, "fields": {"action_time": "2025-01-04T14:25:44.264Z", "user": 1, "content_type": 15, "object_id": "8", "object_repr": "Pronto #8 - 2025-01-03", "action_flag": 3, "change_message": ""}}, {"model": "admin.logentry", "pk": 77, "fields": {"action_time": "2025-01-04T14:25:44.264Z", "user": 1, "content_type": 15, "object_id": "7", "object_repr": "Pronto #7 - 2025-01-03", "action_flag": 3, "change_message": ""}}, {"model": "admin.logentry", "pk": 78, "fields": {"action_time": "2025-01-04T14:25:44.279Z", "user": 1, "content_type": 15, "object_id": "6", "object_repr": "Pronto #6 - 2025-01-03", "action_flag": 3, "change_message": ""}}, {"model": "admin.logentry", "pk": 79, "fields": {"action_time": "2025-01-04T14:25:44.283Z", "user": 1, "content_type": 15, "object_id": "5", "object_repr": "Pronto #5 - 2025-01-03", "action_flag": 3, "change_message": ""}}, {"model": "admin.logentry", "pk": 80, "fields": {"action_time": "2025-01-04T14:25:44.297Z", "user": 1, "content_type": 15, "object_id": "4", "object_repr": "Pronto #4 - 2025-01-03", "action_flag": 3, "change_message": ""}}, {"model": "admin.logentry", "pk": 81, "fields": {"action_time": "2025-01-04T14:25:44.307Z", "user": 1, "content_type": 15, "object_id": "3", "object_repr": "Pronto #3 - 2025-01-03", "action_flag": 3, "change_message": ""}}, {"model": "admin.logentry", "pk": 82, "fields": {"action_time": "2025-01-04T14:25:44.317Z", "user": 1, "content_type": 15, "object_id": "2", "object_repr": "Pronto #2 - 2025-01-03", "action_flag": 3, "change_message": ""}}, {"model": "admin.logentry", "pk": 83, "fields": {"action_time": "2025-01-04T14:25:44.326Z", "user": 1, "content_type": 15, "object_id": "1", "object_repr": "Pronto #1 - 2025-01-03", "action_flag": 3, "change_message": ""}}, {"model": "admin.logentry", "pk": 84, "fields": {"action_time": "2025-01-04T14:37:35.158Z", "user": 1, "content_type": 15, "object_id": "1", "object_repr": "Pronto #1 - 2025-01-04", "action_flag": 3, "change_message": ""}}, {"model": "admin.logentry", "pk": 85, "fields": {"action_time": "2025-01-04T15:05:07.971Z", "user": 1, "content_type": 15, "object_id": "3", "object_repr": "Pronto #2 - 2025-01-04", "action_flag": 3, "change_message": ""}}, {"model": "admin.logentry", "pk": 86, "fields": {"action_time": "2025-01-04T15:05:07.986Z", "user": 1, "content_type": 15, "object_id": "2", "object_repr": "Pronto #1 - 2025-01-04", "action_flag": 3, "change_message": ""}}, {"model": "admin.logentry", "pk": 87, "fields": {"action_time": "2025-01-04T16:23:35.509Z", "user": 1, "content_type": 15, "object_id": "5", "object_repr": "Pronto #2 - 2025-01-04", "action_flag": 3, "change_message": ""}}, {"model": "admin.logentry", "pk": 88, "fields": {"action_time": "2025-01-04T16:23:35.516Z", "user": 1, "content_type": 15, "object_id": "4", "object_repr": "Pronto #1 - 2025-01-04", "action_flag": 3, "change_message": ""}}, {"model": "admin.logentry", "pk": 89, "fields": {"action_time": "2025-01-04T16:57:57.292Z", "user": 1, "content_type": 15, "object_id": "7", "object_repr": "Pronto #2 - 2025-01-04", "action_flag": 3, "change_message": ""}}, {"model": "admin.logentry", "pk": 90, "fields": {"action_time": "2025-01-04T17:01:09.536Z", "user": 1, "content_type": 15, "object_id": "9", "object_repr": "Pronto #3 - 2025-01-04", "action_flag": 3, "change_message": ""}}, {"model": "admin.logentry", "pk": 91, "fields": {"action_time": "2025-01-04T17:01:09.542Z", "user": 1, "content_type": 15, "object_id": "8", "object_repr": "Pronto #2 - 2025-01-04", "action_flag": 3, "change_message": ""}}, {"model": "admin.logentry", "pk": 92, "fields": {"action_time": "2025-01-04T17:01:09.547Z", "user": 1, "content_type": 15, "object_id": "6", "object_repr": "Pronto #1 - 2025-01-04", "action_flag": 3, "change_message": ""}}, {"model": "admin.logentry", "pk": 93, "fields": {"action_time": "2025-01-04T18:09:46.472Z", "user": 1, "content_type": 16, "object_id": "2", "object_repr": "Eduardo Cordeiro Vasconcelos - Maj", "action_flag": 2, "change_message": "[{\"changed\": {\"fields\": [\"Nome\"]}}]"}}, {"model": "admin.logentry", "pk": 94, "fields": {"action_time": "2025-01-04T18:10:16.351Z", "user": 1, "content_type": 16, "object_id": "3", "object_repr": "Alexandre Alves de Oliveira - 1º Ten", "action_flag": 1, "change_message": "[{\"added\": {}}]"}}, {"model": "admin.logentry", "pk": 95, "fields": {"action_time": "2025-01-04T18:10:33.395Z", "user": 1, "content_type": 16, "object_id": "4", "object_repr": "Iranildo da Cunha - Sd", "action_flag": 1, "change_message": "[{\"added\": {}}]"}}, {"model": "admin.logentry", "pk": 96, "fields": {"action_time": "2025-01-04T19:34:23.534Z", "user": 3, "content_type": 9, "object_id": "1", "object_repr": "Leonardo Pimentel", "action_flag": 2, "change_message": "[{\"changed\": {\"fields\": [\"Nivel acesso\"]}}]"}}, {"model": "admin.logentry", "pk": 97, "fields": {"action_time": "2025-01-04T19:34:40.020Z", "user": 3, "content_type": 9, "object_id": "1", "object_repr": "Leonardo Pimentel", "action_flag": 2, "change_message": "[{\"changed\": {\"fields\": [\"Nivel acesso\"]}}]"}}, {"model": "admin.logentry", "pk": 98, "fields": {"action_time": "2025-01-04T22:43:19.060Z", "user": 1, "content_type": 9, "object_id": "1", "object_repr": "Leonardo Pimentel", "action_flag": 2, "change_message": "[{\"changed\": {\"fields\": [\"Nivel acesso\"]}}]"}}, {"model": "admin.logentry", "pk": 99, "fields": {"action_time": "2025-01-04T23:05:23.870Z", "user": 1, "content_type": 9, "object_id": "1", "object_repr": "Leonardo Pimentel", "action_flag": 2, "change_message": "[{\"changed\": {\"fields\": [\"Nivel acesso\"]}}]"}}, {"model": "admin.logentry", "pk": 100, "fields": {"action_time": "2025-01-04T23:05:59.924Z", "user": 3, "content_type": 9, "object_id": "1", "object_repr": "Leonardo Pimentel", "action_flag": 2, "change_message": "[{\"changed\": {\"fields\": [\"Nivel acesso\"]}}]"}}, {"model": "admin.logentry", "pk": 101, "fields": {"action_time": "2025-01-04T23:06:07.155Z", "user": 3, "content_type": 9, "object_id": "1", "object_repr": "Leonardo Pimentel", "action_flag": 2, "change_message": "[{\"changed\": {\"fields\": [\"Nivel acesso\"]}}]"}}, {"model": "admin.logentry", "pk": 102, "fields": {"action_time": "2025-01-04T23:08:55.020Z", "user": 3, "content_type": 9, "object_id": "1", "object_repr": "Leonardo Pimentel", "action_flag": 2, "change_message": "[{\"changed\": {\"fields\": [\"Nivel acesso\"]}}]"}}, {"model": "admin.logentry", "pk": 103, "fields": {"action_time": "2025-01-04T23:18:09.831Z", "user": 3, "content_type": 9, "object_id": "1", "object_repr": "Leonardo Pimentel", "action_flag": 2, "change_message": "[{\"changed\": {\"fields\": [\"Nivel acesso\"]}}]"}}, {"model": "admin.logentry", "pk": 104, "fields": {"action_time": "2025-01-04T23:18:20.457Z", "user": 3, "content_type": 9, "object_id": "1", "object_repr": "Leonardo Pimentel", "action_flag": 2, "change_message": "[{\"changed\": {\"fields\": [\"Nivel acesso\"]}}]"}}, {"model": "admin.logentry", "pk": 105, "fields": {"action_time": "2025-01-04T23:26:48.595Z", "user": 3, "content_type": 9, "object_id": "1", "object_repr": "Leonardo Pimentel", "action_flag": 2, "change_message": "[{\"changed\": {\"fields\": [\"Nivel acesso\"]}}]"}}, {"model": "admin.logentry", "pk": 106, "fields": {"action_time": "2025-01-04T23:26:59.496Z", "user": 3, "content_type": 9, "object_id": "1", "object_repr": "Leonardo Pimentel", "action_flag": 2, "change_message": "[{\"changed\": {\"fields\": [\"Nivel acesso\"]}}]"}}, {"model": "admin.logentry", "pk": 107, "fields": {"action_time": "2025-01-04T23:40:21.496Z", "user": 3, "content_type": 9, "object_id": "1", "object_repr": "Leonardo Pimentel", "action_flag": 2, "change_message": "[{\"changed\": {\"fields\": [\"Nivel acesso\"]}}]"}}, {"model": "admin.logentry", "pk": 108, "fields": {"action_time": "2025-01-04T23:45:57.075Z", "user": 3, "content_type": 9, "object_id": "1", "object_repr": "Leonardo Pimentel", "action_flag": 2, "change_message": "[{\"changed\": {\"fields\": [\"Nivel acesso\"]}}]"}}, {"model": "admin.logentry", "pk": 109, "fields": {"action_time": "2025-01-05T01:11:23.373Z", "user": 3, "content_type": 9, "object_id": "1", "object_repr": "Leonardo Pimentel", "action_flag": 2, "change_message": "[{\"changed\": {\"fields\": [\"Nivel acesso\"]}}]"}}, {"model": "admin.logentry", "pk": 110, "fields": {"action_time": "2025-01-05T01:26:42.326Z", "user": 3, "content_type": 9, "object_id": "1", "object_repr": "Leonardo Pimentel", "action_flag": 2, "change_message": "[{\"changed\": {\"fields\": [\"Nivel acesso\"]}}]"}}, {"model": "admin.logentry", "pk": 111, "fields": {"action_time": "2025-01-05T01:28:52.027Z", "user": 3, "content_type": 8, "object_id": "26", "object_repr": "Empréstimo para Magno Alves de Souza", "action_flag": 3, "change_message": ""}}, {"model": "admin.logentry", "pk": 112, "fields": {"action_time": "2025-01-05T01:28:52.036Z", "user": 3, "content_type": 8, "object_id": "25", "object_repr": "Empréstimo para Marcos de Souza", "action_flag": 3, "change_message": ""}}, {"model": "admin.logentry", "pk": 113, "fields": {"action_time": "2025-01-05T01:28:52.041Z", "user": 3, "content_type": 8, "object_id": "24", "object_repr": "Empréstimo para Magno Alves de Souza", "action_flag": 3, "change_message": ""}}, {"model": "admin.logentry", "pk": 114, "fields": {"action_time": "2025-01-05T01:28:52.045Z", "user": 3, "content_type": 8, "object_id": "23", "object_repr": "Empréstimo para Marcos de Souza", "action_flag": 3, "change_message": ""}}, {"model": "admin.logentry", "pk": 115, "fields": {"action_time": "2025-01-05T01:29:14.763Z", "user": 3, "content_type": 8, "object_id": "22", "object_repr": "Empréstimo para Magno Alves de Souza", "action_flag": 3, "change_message": ""}}, {"model": "admin.logentry", "pk": 116, "fields": {"action_time": "2025-01-05T01:29:14.770Z", "user": 3, "content_type": 8, "object_id": "21", "object_repr": "Empréstimo para Marcos de Souza", "action_flag": 3, "change_message": ""}}, {"model": "admin.logentry", "pk": 117, "fields": {"action_time": "2025-01-05T01:29:14.774Z", "user": 3, "content_type": 8, "object_id": "20", "object_repr": "Empréstimo para Marcos de Souza", "action_flag": 3, "change_message": ""}}, {"model": "admin.logentry", "pk": 118, "fields": {"action_time": "2025-01-05T01:29:14.774Z", "user": 3, "content_type": 8, "object_id": "19", "object_repr": "Empréstimo para Magno Alves de Souza", "action_flag": 3, "change_message": ""}}, {"model": "admin.logentry", "pk": 119, "fields": {"action_time": "2025-01-05T01:29:14.774Z", "user": 3, "content_type": 8, "object_id": "18", "object_repr": "Empréstimo para Marcos de Souza", "action_flag": 3, "change_message": ""}}, {"model": "admin.logentry", "pk": 120, "fields": {"action_time": "2025-01-05T01:29:14.791Z", "user": 3, "content_type": 8, "object_id": "17", "object_repr": "Empréstimo para Magno Alves de Souza", "action_flag": 3, "change_message": ""}}, {"model": "admin.logentry", "pk": 121, "fields": {"action_time": "2025-01-05T01:29:14.791Z", "user": 3, "content_type": 8, "object_id": "16", "object_repr": "Empréstimo para Marcos de Souza", "action_flag": 3, "change_message": ""}}, {"model": "admin.logentry", "pk": 122, "fields": {"action_time": "2025-01-05T01:29:54.436Z", "user": 3, "content_type": 7, "object_id": "14", "object_repr": "Carregador Para-Fal (Total: 300, Disponível: 300)", "action_flag": 2, "change_message": "[{\"changed\": {\"fields\": [\"Nome\", \"Quantidade disponivel\", \"Quantidade emprestada\"]}}]"}}, {"model": "admin.logentry", "pk": 123, "fields": {"action_time": "2025-01-05T01:29:56.966Z", "user": 3, "content_type": 7, "object_id": "14", "object_repr": "Carregador Para-Fal (Total: 300, Disponível: 300)", "action_flag": 2, "change_message": "[]"}}, {"model": "admin.logentry", "pk": 124, "fields": {"action_time": "2025-01-05T01:30:09.914Z", "user": 3, "content_type": 7, "object_id": "13", "object_repr": "Carregador IA2 (Total: 300, Disponível: 300)", "action_flag": 2, "change_message": "[{\"changed\": {\"fields\": [\"Quantidade disponivel\", \"Quantidade emprestada\"]}}]"}}, {"model": "admin.logentry", "pk": 125, "fields": {"action_time": "2025-01-05T01:30:20.334Z", "user": 3, "content_type": 7, "object_id": "12", "object_repr": "Binóculo Termal JIM LR - Registro: 5987", "action_flag": 2, "change_message": "[{\"changed\": {\"fields\": [\"Quantidade disponivel\"]}}]"}}, {"model": "admin.logentry", "pk": 126, "fields": {"action_time": "2025-01-05T01:30:29.860Z", "user": 3, "content_type": 7, "object_id": "11", "object_repr": "Luneta de observação Bushnell (Total: 10, Disponível: 10)", "action_flag": 2, "change_message": "[{\"changed\": {\"fields\": [\"Quantidade disponivel\", \"Quantidade emprestada\"]}}]"}}, {"model": "admin.logentry", "pk": 127, "fields": {"action_time": "2025-01-05T01:30:39.649Z", "user": 3, "content_type": 7, "object_id": "10", "object_repr": "Luneta Carl Zeiss 50x - Registro: 35454", "action_flag": 2, "change_message": "[{\"changed\": {\"fields\": [\"Quantidade disponivel\", \"Quantidade emprestada\"]}}]"}}, {"model": "admin.logentry", "pk": 128, "fields": {"action_time": "2025-01-05T01:30:51.066Z", "user": 3, "content_type": 7, "object_id": "9", "object_repr": "Fuzil Para-Fal 5,56mm - Registro: 3423", "action_flag": 2, "change_message": "[{\"changed\": {\"fields\": [\"Quantidade disponivel\", \"Quantidade emprestada\"]}}]"}}, {"model": "admin.logentry", "pk": 129, "fields": {"action_time": "2025-01-05T01:31:00.882Z", "user": 3, "content_type": 7, "object_id": "8", "object_repr": "Fuzil Para-Fal 5,56mm - Registro: 675578787", "action_flag": 2, "change_message": "[{\"changed\": {\"fields\": [\"Quantidade disponivel\"]}}]"}}, {"model": "admin.logentry", "pk": 130, "fields": {"action_time": "2025-01-05T01:31:10.286Z", "user": 3, "content_type": 7, "object_id": "7", "object_repr": "Fuzil Para-Fal 5,56mm - Registro: 67566", "action_flag": 2, "change_message": "[{\"changed\": {\"fields\": [\"Quantidade disponivel\", \"Quantidade emprestada\"]}}]"}}, {"model": "admin.logentry", "pk": 131, "fields": {"action_time": "2025-01-05T01:31:18.621Z", "user": 3, "content_type": 7, "object_id": "6", "object_repr": "Fuzil Para-Fal 5,56mm - Registro: 56464", "action_flag": 2, "change_message": "[{\"changed\": {\"fields\": [\"Quantidade disponivel\"]}}]"}}, {"model": "admin.logentry", "pk": 132, "fields": {"action_time": "2025-01-05T01:31:29.928Z", "user": 3, "content_type": 7, "object_id": "5", "object_repr": "Fuzil IA2 5,56mm - Registro: 454455", "action_flag": 2, "change_message": "[{\"changed\": {\"fields\": [\"Quantidade disponivel\", \"Quantidade emprestada\"]}}]"}}, {"model": "admin.logentry", "pk": 133, "fields": {"action_time": "2025-01-05T01:31:38.795Z", "user": 3, "content_type": 7, "object_id": "4", "object_repr": "Fuzil IA2 5,56mm - Registro: 54534534", "action_flag": 2, "change_message": "[{\"changed\": {\"fields\": [\"Quantidade disponivel\"]}}]"}}, {"model": "admin.logentry", "pk": 134, "fields": {"action_time": "2025-01-05T01:31:46.249Z", "user": 3, "content_type": 7, "object_id": "3", "object_repr": "Fuzil IA2 5,56mm - Registro: 443434", "action_flag": 2, "change_message": "[{\"changed\": {\"fields\": [\"Quantidade disponivel\", \"Quantidade emprestada\"]}}]"}}, {"model": "admin.logentry", "pk": 135, "fields": {"action_time": "2025-01-05T01:31:52.515Z", "user": 3, "content_type": 7, "object_id": "2", "object_repr": "Fuzil IA2 5,56mm - Registro: 34353455", "action_flag": 2, "change_message": "[{\"changed\": {\"fields\": [\"Quantidade disponivel\"]}}]"}}, {"model": "admin.logentry", "pk": 136, "fields": {"action_time": "2025-01-05T01:31:59.834Z", "user": 3, "content_type": 7, "object_id": "1", "object_repr": "Fuzil IA2 5,56mm - Registro: 234423", "action_flag": 2, "change_message": "[{\"changed\": {\"fields\": [\"Quantidade disponivel\", \"Quantidade emprestada\"]}}]"}}, {"model": "admin.logentry", "pk": 137, "fields": {"action_time": "2025-01-05T01:36:46.650Z", "user": 3, "content_type": 8, "object_id": "27", "object_repr": "Empréstimo para Magno Alves de Souza", "action_flag": 3, "change_message": ""}}, {"model": "admin.logentry", "pk": 138, "fields": {"action_time": "2025-01-05T01:40:47.418Z", "user": 3, "content_type": 7, "object_id": "13", "object_repr": "Carregador IA2 (Total: 300, Disponível: 300)", "action_flag": 2, "change_message": "[{\"changed\": {\"fields\": [\"Quantidade disponivel\", \"Quantidade emprestada\"]}}]"}}, {"model": "admin.logentry", "pk": 139, "fields": {"action_time": "2025-01-05T01:42:07.213Z", "user": 3, "content_type": 8, "object_id": "28", "object_repr": "Empréstimo para Magno Alves de Souza", "action_flag": 3, "change_message": ""}}, {"model": "admin.logentry", "pk": 140, "fields": {"action_time": "2025-01-05T01:45:52.591Z", "user": 3, "content_type": 7, "object_id": "13", "object_repr": "Carregador IA2 (Total: 300, Disponível: 300)", "action_flag": 2, "change_message": "[{\"changed\": {\"fields\": [\"Quantidade disponivel\", \"Quantidade emprestada\"]}}]"}}, {"model": "admin.logentry", "pk": 141, "fields": {"action_time": "2025-01-05T01:49:28.427Z", "user": 3, "content_type": 8, "object_id": "29", "object_repr": "Empréstimo para Magno Alves de Souza", "action_flag": 3, "change_message": ""}}, {"model": "admin.logentry", "pk": 142, "fields": {"action_time": "2025-01-05T01:50:10.672Z", "user": 3, "content_type": 8, "object_id": "30", "object_repr": "Empréstimo para Magno Alves de Souza", "action_flag": 3, "change_message": ""}}, {"model": "admin.logentry", "pk": 143, "fields": {"action_time": "2025-01-05T01:50:30.608Z", "user": 3, "content_type": 7, "object_id": "14", "object_repr": "Carregador Para-Fal (Total: 300, Disponível: 300)", "action_flag": 2, "change_message": "[{\"changed\": {\"fields\": [\"Quantidade disponivel\", \"Quantidade emprestada\"]}}]"}}, {"model": "admin.logentry", "pk": 144, "fields": {"action_time": "2025-01-05T01:54:30.028Z", "user": 3, "content_type": 8, "object_id": "31", "object_repr": "Empréstimo para Magno Alves de Souza", "action_flag": 3, "change_message": ""}}, {"model": "admin.logentry", "pk": 145, "fields": {"action_time": "2025-01-05T02:00:18.431Z", "user": 3, "content_type": 8, "object_id": "32", "object_repr": "Empréstimo para Magno Alves de Souza", "action_flag": 1, "change_message": "[{\"added\": {}}, {\"added\": {\"name\": \"emprestimo material\", \"object\": \"Fuzil Para-Fal 5,56mm - Registro: 56464 (1 unidade)\"}}, {\"added\": {\"name\": \"emprestimo material\", \"object\": \"Carregador IA2 (50 unidades)\"}}]"}}, {"model": "admin.logentry", "pk": 146, "fields": {"action_time": "2025-01-05T02:00:55.071Z", "user": 3, "content_type": 7, "object_id": "6", "object_repr": "Fuzil Para-Fal 5,56mm - Registro: 56464", "action_flag": 2, "change_message": "[{\"changed\": {\"fields\": [\"Quantidade disponivel\", \"Quantidade emprestada\"]}}]"}}, {"model": "admin.logentry", "pk": 147, "fields": {"action_time": "2025-01-05T02:01:42.660Z", "user": 3, "content_type": 8, "object_id": "32", "object_repr": "Empréstimo para Magno Alves de Souza", "action_flag": 3, "change_message": ""}}, {"model": "admin.logentry", "pk": 148, "fields": {"action_time": "2025-01-05T02:05:41.166Z", "user": 3, "content_type": 8, "object_id": "33", "object_repr": "Empréstimo para Magno Alves de Souza", "action_flag": 3, "change_message": ""}}, {"model": "admin.logentry", "pk": 149, "fields": {"action_time": "2025-01-05T02:06:56.990Z", "user": 3, "content_type": 8, "object_id": "34", "object_repr": "Empréstimo para Magno Alves de Souza", "action_flag": 3, "change_message": ""}}, {"model": "admin.logentry", "pk": 150, "fields": {"action_time": "2025-01-05T02:09:21.917Z", "user": 3, "content_type": 8, "object_id": "35", "object_repr": "Empréstimo para Magno Alves de Souza", "action_flag": 3, "change_message": ""}}, {"model": "admin.logentry", "pk": 151, "fields": {"action_time": "2025-01-05T02:09:52.551Z", "user": 3, "content_type": 8, "object_id": "36", "object_repr": "Empréstimo para Magno Alves de Souza", "action_flag": 3, "change_message": ""}}, {"model": "admin.logentry", "pk": 152, "fields": {"action_time": "2025-01-05T02:13:32.266Z", "user": 3, "content_type": 8, "object_id": "37", "object_repr": "Empréstimo para Magno Alves de Souza", "action_flag": 3, "change_message": ""}}, {"model": "admin.logentry", "pk": 153, "fields": {"action_time": "2025-01-05T02:14:04.120Z", "user": 3, "content_type": 7, "object_id": "14", "object_repr": "Carregador Para-Fal (Total: 300, Disponível: 300)", "action_flag": 2, "change_message": "[{\"changed\": {\"fields\": [\"Quantidade disponivel\", \"Quantidade emprestada\"]}}]"}}, {"model": "admin.logentry", "pk": 154, "fields": {"action_time": "2025-01-05T02:14:13.855Z", "user": 3, "content_type": 7, "object_id": "13", "object_repr": "Carregador IA2 (Total: 300, Disponível: 300)", "action_flag": 2, "change_message": "[{\"changed\": {\"fields\": [\"Quantidade disponivel\", \"Quantidade emprestada\"]}}]"}}, {"model": "admin.logentry", "pk": 155, "fields": {"action_time": "2025-01-05T02:14:27.699Z", "user": 3, "content_type": 7, "object_id": "6", "object_repr": "Fuzil Para-Fal 5,56mm - Registro: 56464", "action_flag": 2, "change_message": "[{\"changed\": {\"fields\": [\"Quantidade disponivel\", \"Quantidade emprestada\"]}}]"}}, {"model": "admin.logentry", "pk": 156, "fields": {"action_time": "2025-01-05T02:14:36.076Z", "user": 3, "content_type": 7, "object_id": "2", "object_repr": "Fuzil IA2 5,56mm - Registro: 34353455", "action_flag": 2, "change_message": "[{\"changed\": {\"fields\": [\"Quantidade disponivel\"]}}]"}}, {"model": "admin.logentry", "pk": 157, "fields": {"action_time": "2025-01-05T02:15:56.497Z", "user": 3, "content_type": 8, "object_id": "38", "object_repr": "Empréstimo para Magno Alves de Souza", "action_flag": 3, "change_message": ""}}, {"model": "admin.logentry", "pk": 158, "fields": {"action_time": "2025-01-05T02:28:15.267Z", "user": 3, "content_type": 9, "object_id": "1", "object_repr": "Leonardo Pimentel", "action_flag": 2, "change_message": "[{\"changed\": {\"fields\": [\"Nivel acesso\"]}}]"}}, {"model": "auth.permission", "pk": 1, "fields": {"name": "Can add log entry", "content_type": 1, "codename": "add_logentry"}}, {"model": "auth.permission", "pk": 2, "fields": {"name": "Can change log entry", "content_type": 1, "codename": "change_logentry"}}, {"model": "auth.permission", "pk": 3, "fields": {"name": "Can delete log entry", "content_type": 1, "codename": "delete_logentry"}}, {"model": "auth.permission", "pk": 4, "fields": {"name": "Can view log entry", "content_type": 1, "codename": "view_logentry"}}, {"model": "auth.permission", "pk": 5, "fields": {"name": "Can add permission", "content_type": 2, "codename": "add_permission"}}, {"model": "auth.permission", "pk": 6, "fields": {"name": "Can change permission", "content_type": 2, "codename": "change_permission"}}, {"model": "auth.permission", "pk": 7, "fields": {"name": "Can delete permission", "content_type": 2, "codename": "delete_permission"}}, {"model": "auth.permission", "pk": 8, "fields": {"name": "Can view permission", "content_type": 2, "codename": "view_permission"}}, {"model": "auth.permission", "pk": 9, "fields": {"name": "Can add group", "content_type": 3, "codename": "add_group"}}, {"model": "auth.permission", "pk": 10, "fields": {"name": "Can change group", "content_type": 3, "codename": "change_group"}}, {"model": "auth.permission", "pk": 11, "fields": {"name": "Can delete group", "content_type": 3, "codename": "delete_group"}}, {"model": "auth.permission", "pk": 12, "fields": {"name": "Can view group", "content_type": 3, "codename": "view_group"}}, {"model": "auth.permission", "pk": 13, "fields": {"name": "Can add user", "content_type": 4, "codename": "add_user"}}, {"model": "auth.permission", "pk": 14, "fields": {"name": "Can change user", "content_type": 4, "codename": "change_user"}}, {"model": "auth.permission", "pk": 15, "fields": {"name": "Can delete user", "content_type": 4, "codename": "delete_user"}}, {"model": "auth.permission", "pk": 16, "fields": {"name": "Can view user", "content_type": 4, "codename": "view_user"}}, {"model": "auth.permission", "pk": 17, "fields": {"name": "Can add content type", "content_type": 5, "codename": "add_contenttype"}}, {"model": "auth.permission", "pk": 18, "fields": {"name": "Can change content type", "content_type": 5, "codename": "change_contenttype"}}, {"model": "auth.permission", "pk": 19, "fields": {"name": "Can delete content type", "content_type": 5, "codename": "delete_contenttype"}}, {"model": "auth.permission", "pk": 20, "fields": {"name": "Can view content type", "content_type": 5, "codename": "view_contenttype"}}, {"model": "auth.permission", "pk": 21, "fields": {"name": "Can add session", "content_type": 6, "codename": "add_session"}}, {"model": "auth.permission", "pk": 22, "fields": {"name": "Can change session", "content_type": 6, "codename": "change_session"}}, {"model": "auth.permission", "pk": 23, "fields": {"name": "Can delete session", "content_type": 6, "codename": "delete_session"}}, {"model": "auth.permission", "pk": 24, "fields": {"name": "Can view session", "content_type": 6, "codename": "view_session"}}, {"model": "auth.permission", "pk": 25, "fields": {"name": "Can add material", "content_type": 7, "codename": "add_material"}}, {"model": "auth.permission", "pk": 26, "fields": {"name": "Can change material", "content_type": 7, "codename": "change_material"}}, {"model": "auth.permission", "pk": 27, "fields": {"name": "Can delete material", "content_type": 7, "codename": "delete_material"}}, {"model": "auth.permission", "pk": 28, "fields": {"name": "Can view material", "content_type": 7, "codename": "view_material"}}, {"model": "auth.permission", "pk": 29, "fields": {"name": "Can add emprestimo", "content_type": 8, "codename": "add_emprestimo"}}, {"model": "auth.permission", "pk": 30, "fields": {"name": "Can change emprestimo", "content_type": 8, "codename": "change_emprestimo"}}, {"model": "auth.permission", "pk": 31, "fields": {"name": "Can delete emprestimo", "content_type": 8, "codename": "delete_emprestimo"}}, {"model": "auth.permission", "pk": 32, "fields": {"name": "Can view emprestimo", "content_type": 8, "codename": "view_emprestimo"}}, {"model": "auth.permission", "pk": 33, "fields": {"name": "Can add operador", "content_type": 9, "codename": "add_operador"}}, {"model": "auth.permission", "pk": 34, "fields": {"name": "Can change operador", "content_type": 9, "codename": "change_operador"}}, {"model": "auth.permission", "pk": 35, "fields": {"name": "Can delete operador", "content_type": 9, "codename": "delete_operador"}}, {"model": "auth.permission", "pk": 36, "fields": {"name": "Can view operador", "content_type": 9, "codename": "view_operador"}}, {"model": "auth.permission", "pk": 37, "fields": {"name": "Can add cliente", "content_type": 10, "codename": "add_cliente"}}, {"model": "auth.permission", "pk": 38, "fields": {"name": "Can change cliente", "content_type": 10, "codename": "change_cliente"}}, {"model": "auth.permission", "pk": 39, "fields": {"name": "Can delete cliente", "content_type": 10, "codename": "delete_cliente"}}, {"model": "auth.permission", "pk": 40, "fields": {"name": "Can view cliente", "content_type": 10, "codename": "view_cliente"}}, {"model": "auth.permission", "pk": 41, "fields": {"name": "Can add emprestimo material", "content_type": 11, "codename": "add_emprestimomaterial"}}, {"model": "auth.permission", "pk": 42, "fields": {"name": "Can change emprestimo material", "content_type": 11, "codename": "change_emprestimomaterial"}}, {"model": "auth.permission", "pk": 43, "fields": {"name": "Can delete emprestimo material", "content_type": 11, "codename": "delete_emprestimomaterial"}}, {"model": "auth.permission", "pk": 44, "fields": {"name": "Can view emprestimo material", "content_type": 11, "codename": "view_emprestimomaterial"}}, {"model": "auth.permission", "pk": 45, "fields": {"name": "Can add categoria", "content_type": 12, "codename": "add_categoria"}}, {"model": "auth.permission", "pk": 46, "fields": {"name": "Can change categoria", "content_type": 12, "codename": "change_categoria"}}, {"model": "auth.permission", "pk": 47, "fields": {"name": "Can delete categoria", "content_type": 12, "codename": "delete_categoria"}}, {"model": "auth.permission", "pk": 48, "fields": {"name": "Can view categoria", "content_type": 12, "codename": "view_categoria"}}, {"model": "auth.permission", "pk": 49, "fields": {"name": "Can add emprestimo historico", "content_type": 13, "codename": "add_emprestimohistorico"}}, {"model": "auth.permission", "pk": 50, "fields": {"name": "Can change emprestimo historico", "content_type": 13, "codename": "change_emprestimohistorico"}}, {"model": "auth.permission", "pk": 51, "fields": {"name": "Can delete emprestimo historico", "content_type": 13, "codename": "delete_emprestimohistorico"}}, {"model": "auth.permission", "pk": 52, "fields": {"name": "Can view emprestimo historico", "content_type": 13, "codename": "view_emprestimohistorico"}}, {"model": "auth.permission", "pk": 53, "fields": {"name": "Can add case", "content_type": 14, "codename": "add_case"}}, {"model": "auth.permission", "pk": 54, "fields": {"name": "Can change case", "content_type": 14, "codename": "change_case"}}, {"model": "auth.permission", "pk": 55, "fields": {"name": "Can delete case", "content_type": 14, "codename": "delete_case"}}, {"model": "auth.permission", "pk": 56, "fields": {"name": "Can view case", "content_type": 14, "codename": "view_case"}}, {"model": "auth.permission", "pk": 57, "fields": {"name": "Can add pronto armamento", "content_type": 15, "codename": "add_prontoarmamento"}}, {"model": "auth.permission", "pk": 58, "fields": {"name": "Can change pronto armamento", "content_type": 15, "codename": "change_prontoarmamento"}}, {"model": "auth.permission", "pk": 59, "fields": {"name": "Can delete pronto armamento", "content_type": 15, "codename": "delete_prontoarmamento"}}, {"model": "auth.permission", "pk": 60, "fields": {"name": "Can view pronto armamento", "content_type": 15, "codename": "view_prontoarmamento"}}, {"model": "auth.permission", "pk": 61, "fields": {"name": "Can add assinante", "content_type": 16, "codename": "add_assinante"}}, {"model": "auth.permission", "pk": 62, "fields": {"name": "Can change assinante", "content_type": 16, "codename": "change_assinante"}}, {"model": "auth.permission", "pk": 63, "fields": {"name": "Can delete assinante", "content_type": 16, "codename": "delete_assinante"}}, {"model": "auth.permission", "pk": 64, "fields": {"name": "Can view assinante", "content_type": 16, "codename": "view_assinante"}}, {"model": "auth.permission", "pk": 65, "fields": {"name": "Can add funcao assinante", "content_type": 17, "codename": "add_funcaoassinante"}}, {"model": "auth.permission", "pk": 66, "fields": {"name": "Can change funcao assinante", "content_type": 17, "codename": "change_funcaoassinante"}}, {"model": "auth.permission", "pk": 67, "fields": {"name": "Can delete funcao assinante", "content_type": 17, "codename": "delete_funcaoassinante"}}, {"model": "auth.permission", "pk": 68, "fields": {"name": "Can view funcao assinante", "content_type": 17, "codename": "view_funcaoassinante"}}, {"model": "auth.user", "pk": 1, "fields": {"password": "pbkdf2_sha256$720000$UAE6iEo06skItVxrKxKkX3$95xMmrFTKS/SXa+0qjJsb/SU6ebrLSuhygMzQKmVV8s=", "last_login": "2025-01-05T00:32:23.322Z", "is_superuser": true, "username": "admin", "first_name": "", "last_name": "", "email": "leonardo-eb@hotmail.com", "is_staff": true, "is_active": true, "date_joined": "2025-01-02T19:28:12.639Z", "groups": [], "user_permissions": []}}, {"model": "auth.user", "pk": 2, "fields": {"password": "pbkdf2_sha256$720000$Is9EzyEHqrpoGjNMXOFUpW$E3geedO2aRnEUTe8KnQJGsC61xmSAoBqa5sAMuCpTS4=", "last_login": null, "is_superuser": true, "username": "leo", "first_name": "", "last_name": "", "email": "leonardo-eb@hotmail.com", "is_staff": true, "is_active": true, "date_joined": "2025-01-02T19:28:53.256Z", "groups": [], "user_permissions": []}}, {"model": "auth.user", "pk": 3, "fields": {"password": "pbkdf2_sha256$870000$N29Z4lgnYDaFGlLxF7gHnp$mvL+qZ2Wm6F+DEeGJTzDR1TcKYE+4Qc74xnNthTEMtc=", "last_login": "2025-01-05T16:38:03.925Z", "is_superuser": true, "username": "leonardo", "first_name": "Leonardo", "last_name": "Menezes", "email": "leonardo-eb@hotmail.com", "is_staff": true, "is_active": true, "date_joined": "2025-01-02T19:42:25Z", "groups": [], "user_permissions": []}}, {"model": "auth.user", "pk": 4, "fields": {"password": "pbkdf2_sha256$720000$PcHkb5sXjz5mqm94o3JTix$HyfUiOuXsWlCYXVxl33HHr9oHF2oWJhkedt3cJTHelQ=", "last_login": null, "is_superuser": false, "username": "alexander", "first_name": "", "last_name": "", "email": "", "is_staff": false, "is_active": true, "date_joined": "2025-01-03T15:03:31.885Z", "groups": [], "user_permissions": []}}, {"model": "contenttypes.contenttype", "pk": 1, "fields": {"app_label": "admin", "model": "logentry"}}, {"model": "contenttypes.contenttype", "pk": 2, "fields": {"app_label": "auth", "model": "permission"}}, {"model": "contenttypes.contenttype", "pk": 3, "fields": {"app_label": "auth", "model": "group"}}, {"model": "contenttypes.contenttype", "pk": 4, "fields": {"app_label": "auth", "model": "user"}}, {"model": "contenttypes.contenttype", "pk": 5, "fields": {"app_label": "contenttypes", "model": "contenttype"}}, {"model": "contenttypes.contenttype", "pk": 6, "fields": {"app_label": "sessions", "model": "session"}}, {"model": "contenttypes.contenttype", "pk": 7, "fields": {"app_label": "guardiao", "model": "material"}}, {"model": "contenttypes.contenttype", "pk": 8, "fields": {"app_label": "guardiao", "model": "emprestimo"}}, {"model": "contenttypes.contenttype", "pk": 9, "fields": {"app_label": "guardiao", "model": "operador"}}, {"model": "contenttypes.contenttype", "pk": 10, "fields": {"app_label": "guardiao", "model": "cliente"}}, {"model": "contenttypes.contenttype", "pk": 11, "fields": {"app_label": "guardiao", "model": "emprestimomaterial"}}, {"model": "contenttypes.contenttype", "pk": 12, "fields": {"app_label": "guardiao", "model": "categoria"}}, {"model": "contenttypes.contenttype", "pk": 13, "fields": {"app_label": "guardiao", "model": "emprestimohistorico"}}, {"model": "contenttypes.contenttype", "pk": 14, "fields": {"app_label": "guardiao", "model": "case"}}, {"model": "contenttypes.contenttype", "pk": 15, "fields": {"app_label": "guardiao", "model": "prontoarmamento"}}, {"model": "contenttypes.contenttype", "pk": 16, "fields": {"app_label": "guardiao", "model": "assinante"}}, {"model": "contenttypes.contenttype", "pk": 17, "fields": {"app_label": "guardiao", "model": "funcaoassinante"}}, {"model": "sessions.session", "pk": "2srw2bdm417xzazo3dhj3627z2ijry30", "fields": {"session_data": ".eJxVjMsOwiAQRf-FtSEDDJS6dO83kIEZpGrapI-V8d-1SRe6veec-1KJtrWlbZE5DazOyqjT75apPGTcAd9pvE26TOM6D1nvij7ooq8Ty_NyuH8HjZb2rdF4DKFzQob7UtlWqdn6QFih70qBXgCxgMWYq0MAoRg4WjHemcpOvT_jQDfJ:1tUEZ5:weT_Fv1qoqYDrBna87OO-5k9fJC3C3n0uk6WojscS9E", "expire_date": "2025-01-19T00:32:23.322Z"}}, {"model": "sessions.session", "pk": "4sr5cqt1x7egx2bndfolh3kr1x6jzp5g", "fields": {"session_data": ".eJxVjMsOwiAQRf-FtSEDDJS6dO83kIEZpGrapI-V8d-1SRe6veec-1KJtrWlbZE5DazOyqjT75apPGTcAd9pvE26TOM6D1nvij7ooq8Ty_NyuH8HjZb2rdF4DKFzQob7UtlWqdn6QFih70qBXgCxgMWYq0MAoRg4WjHemcpOvT_jQDfJ:1tUBct:QUn54NaM6yzAK5aNwtDF7WP7kdAWv0KBVroPTrRM9o8", "expire_date": "2025-01-18T21:24:07.629Z"}}, {"model": "guardiao.operador", "pk": 1, "fields": {"user": 3, "nome": "Leonardo Pimentel", "identidade": "0830200648", "funcao": "Criador do sistema", "nivel_acesso": 3}}, {"model": "guardiao.operador", "pk": 2, "fields": {"user": 4, "nome": "Alexander", "identidade": "165468435132", "funcao": "Chefe da 2ª Seção", "nivel_acesso": 3}}, {"model": "guardiao.operador", "pk": 3, "fields": {"user": 1, "nome": "Administrador", "identidade": "0000000000", "funcao": "Administrador do sistema", "nivel_acesso": 3}}, {"model": "guardiao.cliente", "pk": 1, "fields": {"nome": "Magno Alves de Souza", "identidade": "023568321", "cpf": "154648976541651", "foto": "clientes/fotos/Design_sem_nome_3.png", "organizacao_militar": "1º BIS", "imagem_identidade": "identidades/new_dopesp.png", "isAtivo": true}}, {"model": "guardiao.cliente", "pk": 2, "fields": {"nome": "Marcos de Souza", "identidade": "0265656532", "cpf": "1231654651", "foto": "clientes/fotos/rato_transparente2.png", "organizacao_militar": "4º BAVEX", "imagem_identidade": "identidades/Comandos.jpg", "isAtivo": true}}, {"model": "guardiao.categoria", "pk": 1, "fields": {"nome": "Armamento", "descricao": ""}}, {"model": "guardiao.categoria", "pk": 2, "fields": {"nome": "Optrônicos", "descricao": ""}}, {"model": "guardiao.categoria", "pk": 4, "fields": {"nome": "Materiais externos", "descricao": ""}}, {"model": "guardiao.material", "pk": 1, "fields": {"categoria": 1, "nome": "Fuzil IA2 5,56mm", "registro": "234423", "quantidade_total": 1, "quantidade_disponivel": 0, "quantidade_emprestada": 1}}, {"model": "guardiao.material", "pk": 2, "fields": {"categoria": 1, "nome": "Fuzil IA2 5,56mm", "registro": "34353455", "quantidade_total": 1, "quantidade_disponivel": 1, "quantidade_emprestada": 0}}, {"model": "guardiao.material", "pk": 3, "fields": {"categoria": 1, "nome": "Fuzil IA2 5,56mm", "registro": "443434", "quantidade_total": 1, "quantidade_disponivel": 0, "quantidade_emprestada": 1}}, {"model": "guardiao.material", "pk": 4, "fields": {"categoria": 1, "nome": "Fuzil IA2 5,56mm", "registro": "54534534", "quantidade_total": 1, "quantidade_disponivel": 1, "quantidade_emprestada": 0}}, {"model": "guardiao.material", "pk": 5, "fields": {"categoria": 1, "nome": "Fuzil IA2 5,56mm", "registro": "454455", "quantidade_total": 1, "quantidade_disponivel": 1, "quantidade_emprestada": 0}}, {"model": "guardiao.material", "pk": 6, "fields": {"categoria": 1, "nome": "Fuzil Para-Fal 5,56mm", "registro": "56464", "quantidade_total": 1, "quantidade_disponivel": 1, "quantidade_emprestada": 0}}, {"model": "guardiao.material", "pk": 7, "fields": {"categoria": 1, "nome": "Fuzil Para-Fal 5,56mm", "registro": "67566", "quantidade_total": 1, "quantidade_disponivel": 0, "quantidade_emprestada": 1}}, {"model": "guardiao.material", "pk": 8, "fields": {"categoria": 1, "nome": "Fuzil Para-Fal 5,56mm", "registro": "675578787", "quantidade_total": 1, "quantidade_disponivel": 1, "quantidade_emprestada": 0}}, {"model": "guardiao.material", "pk": 9, "fields": {"categoria": 1, "nome": "Fuzil Para-Fal 5,56mm", "registro": "3423", "quantidade_total": 1, "quantidade_disponivel": 1, "quantidade_emprestada": 0}}, {"model": "guardiao.material", "pk": 10, "fields": {"categoria": 2, "nome": "Luneta Carl Zeiss 50x", "registro": "35454", "quantidade_total": 1, "quantidade_disponivel": 1, "quantidade_emprestada": 0}}, {"model": "guardiao.material", "pk": 11, "fields": {"categoria": 2, "nome": "Luneta de observação Bushnell", "registro": null, "quantidade_total": 10, "quantidade_disponivel": 7, "quantidade_emprestada": 3}}, {"model": "guardiao.material", "pk": 12, "fields": {"categoria": 2, "nome": "Binóculo Termal JIM LR", "registro": "5987", "quantidade_total": 1, "quantidade_disponivel": 1, "quantidade_emprestada": 0}}, {"model": "guardiao.material", "pk": 13, "fields": {"categoria": 1, "nome": "Carregador IA2", "registro": null, "quantidade_total": 300, "quantidade_disponivel": 270, "quantidade_emprestada": 30}}, {"model": "guardiao.material", "pk": 14, "fields": {"categoria": 1, "nome": "Carregador Para-Fal", "registro": null, "quantidade_total": 300, "quantidade_disponivel": 300, "quantidade_emprestada": 0}}, {"model": "guardiao.material", "pk": 15, "fields": {"categoria": 2, "nome": "Binóculo Termal JIM LR", "registro": "23333", "quantidade_total": 1, "quantidade_disponivel": 1, "quantidade_emprestada": 0}}, {"model": "guardiao.emprestimo", "pk": 39, "fields": {"isAtiva": true, "cliente": 1, "operador": 1, "destino": "Missão", "data_emprestimo": "2025-01-05T02:17:32.889Z", "data_devolucao": "2025-01-23T04:00:00Z"}}, {"model": "guardiao.emprestimomaterial", "pk": 54, "fields": {"emprestimo": 39, "material": 4, "quantidade": 1}}, {"model": "guardiao.emprestimomaterial", "pk": 55, "fields": {"emprestimo": 39, "material": 10, "quantidade": 1}}, {"model": "guardiao.emprestimomaterial", "pk": 56, "fields": {"emprestimo": 39, "material": 11, "quantidade": 3}}, {"model": "guardiao.emprestimomaterial", "pk": 57, "fields": {"emprestimo": 39, "material": 13, "quantidade": 30}}, {"model": "guardiao.case", "pk": 3, "fields": {"descricao": "CASE PRETA 03", "responsavel": "DAC", "lacre": "44234223", "data_criacao": "2025-01-04T23:15:48.242Z", "data_atualizacao": "2025-01-04T23:15:55.619Z"}}, {"model": "guardiao.assinante", "pk": 2, "fields": {"nome": "Eduardo Cordeiro Vasconcelos - Maj"}}, {"model": "guardiao.assinante", "pk": 3, "fields": {"nome": "Alexandre Alves de Oliveira - 1º Ten"}}, {"model": "guardiao.assinante", "pk": 4, "fields": {"nome": "Iranildo da Cunha - Sd"}}, {"model": "guardiao.funcaoassinante", "pk": 2, "fields": {"nome": "Subcomandante da 3ª Cia F Esp"}}, {"model": "guardiao.funcaoassinante", "pk": 3, "fields": {"nome": "Fiscal de Dia da 3ª Cia F Esp"}}, {"model": "guardiao.funcaoassinante", "pk": 4, "fields": {"nome": "Armeiro de Dia"}}, {"model": "guardiao.prontoarmamento", "pk": 13, "fields": {"data": "2025-01-04", "numero": 4, "lacre": "23455345353", "assinante_1": 4, "funcao_1": 4, "assinante_2": 3, "funcao_2": 3, "assinante_3": 2, "funcao_3": 2, "tabela": "<div id=\"conteudo_salvo\">\n<div class=\"mb-5\">\n<h3 class=\"text-dark\">Armamento</h3>\n<table class=\"table table-bordered table-striped table-sm\">\n<thead class=\"table-dark\">\n<tr>\n<th>Nome</th>\n<th>Existente</th>\n<th>Na Reserva</th>\n<th>Cautelados</th>\n<th>Destinos</th>\n</tr>\n</thead>\n<tbody>\n<tr>\n<td>Carregador IA2</td>\n<td>300</td>\n<td>0</td>\n<td>300</td>\n<td>\r\n                                \r\n                                    \r\n                                        (20) Missão, \r\n                                    \r\n                                        (10) casa, \r\n                                    \r\n                                        (270) 123\r\n                                    \r\n                                \r\n                            </td>\n</tr>\n<tr>\n<td>Carregador Para-Fal </td>\n<td>300</td>\n<td>250</td>\n<td>50</td>\n<td>\r\n                                \r\n                                    \r\n                                        (30) casa, \r\n                                    \r\n                                        (20) FORMATURA\r\n                                    \r\n                                \r\n                            </td>\n</tr>\n<tr>\n<td>Fuzil IA2 5,56mm</td>\n<td>5</td>\n<td>1</td>\n<td>4</td>\n<td>\r\n                                \r\n                                    \r\n                                        (2) Missão, \r\n                                    \r\n                                        (1) FORMATURA, \r\n                                    \r\n                                        (1) casa\r\n                                    \r\n                                \r\n                            </td>\n</tr>\n<tr>\n<td>Fuzil Para-Fal 5,56mm</td>\n<td>4</td>\n<td>2</td>\n<td>2</td>\n<td>\r\n                                \r\n                                    \r\n                                        (2) casa\r\n                                    \r\n                                \r\n                            </td>\n</tr>\n</tbody>\n</table>\n</div>\n<div class=\"mb-5\">\n<h3 class=\"text-dark\">Optrônicos</h3>\n<table class=\"table table-bordered table-striped table-sm\">\n<thead class=\"table-dark\">\n<tr>\n<th>Nome</th>\n<th>Existente</th>\n<th>Na Reserva</th>\n<th>Cautelados</th>\n<th>Destinos</th>\n</tr>\n</thead>\n<tbody>\n<tr>\n<td>Binóculo Termal JIM LR</td>\n<td>2</td>\n<td>2</td>\n<td>0</td>\n<td>\r\n                                \r\n                                    -\r\n                                \r\n                            </td>\n</tr>\n<tr>\n<td>Luneta Carl Zeiss 50x</td>\n<td>1</td>\n<td>0</td>\n<td>1</td>\n<td>\r\n                                \r\n                                    \r\n                                        (1) Missão\r\n                                    \r\n                                \r\n                            </td>\n</tr>\n<tr>\n<td>Luneta de observação Bushnell</td>\n<td>10</td>\n<td>0</td>\n<td>10</td>\n<td>\r\n                                \r\n                                    \r\n                                        (10) testeeeeee\r\n                                    \r\n                                \r\n                            </td>\n</tr>\n</tbody>\n</table>\n</div>\n<div class=\"mb-5\">\n<h3 class=\"text-dark\">Materiais externos</h3>\n<table class=\"table table-bordered table-striped table-sm\">\n<thead class=\"table-dark\">\n<tr>\n<th>Nome</th>\n<th>Existente</th>\n<th>Na Reserva</th>\n<th>Cautelados</th>\n<th>Destinos</th>\n</tr>\n</thead>\n<tbody>\n<tr>\n<td class=\"text-center\" colspan=\"5\">Nenhum material encontrado nesta categoria.</td>\n</tr>\n</tbody>\n</table>\n</div>\n<div class=\"mb-5\">\n<h3 class=\"text-dark\">Cases</h3>\n<table class=\"table table-bordered table-striped table-sm\">\n<thead class=\"table-dark\">\n<tr>\n<th>Descrição</th>\n<th>Responsável</th>\n<th>Lacre</th>\n</tr>\n</thead>\n<tbody>\n<tr>\n<td>Case preta nª 07</td>\n<td>DAC</td>\n<td>33554456</td>\n</tr></tbody>\n</table>\n</div>\n</div>"}}, {"model": "guardiao.prontoarmamento", "pk": 14, "fields": {"data": "2025-01-04", "numero": 5, "lacre": "434", "assinante_1": 4, "funcao_1": 4, "assinante_2": 3, "funcao_2": 3, "assinante_3": 2, "funcao_3": 2, "tabela": "<div id=\"conteudo_salvo\">\n<div class=\"mb-5\">\n<h3 class=\"text-dark\">Armamento</h3>\n<table class=\"table table-bordered table-striped table-sm\">\n<thead class=\"table-dark\">\n<tr>\n<th>Nome</th>\n<th>Existente</th>\n<th>Na Reserva</th>\n<th>Cautelados</th>\n<th>Destinos</th>\n</tr>\n</thead>\n<tbody>\n<tr>\n<td>Carregador IA2</td>\n<td>300</td>\n<td>0</td>\n<td>300</td>\n<td>\r\n                                \r\n                                    \r\n                                        (20) Missão, \r\n                                    \r\n                                        (10) casa, \r\n                                    \r\n                                        (270) 123\r\n                                    \r\n                                \r\n                            </td>\n</tr>\n<tr>\n<td>Carregador Para-Fal </td>\n<td>300</td>\n<td>250</td>\n<td>50</td>\n<td>\r\n                                \r\n                                    \r\n                                        (30) casa, \r\n                                    \r\n                                        (20) FORMATURA\r\n                                    \r\n                                \r\n                            </td>\n</tr>\n<tr>\n<td>Fuzil IA2 5,56mm</td>\n<td>5</td>\n<td>1</td>\n<td>4</td>\n<td>\r\n                                \r\n                                    \r\n                                        (2) Missão, \r\n                                    \r\n                                        (1) FORMATURA, \r\n                                    \r\n                                        (1) casa\r\n                                    \r\n                                \r\n                            </td>\n</tr>\n<tr>\n<td>Fuzil Para-Fal 5,56mm</td>\n<td>4</td>\n<td>2</td>\n<td>2</td>\n<td>\r\n                                \r\n                                    \r\n                                        (2) casa\r\n                                    \r\n                                \r\n                            </td>\n</tr>\n</tbody>\n</table>\n</div>\n<div class=\"mb-5\">\n<h3 class=\"text-dark\">Optrônicos</h3>\n<table class=\"table table-bordered table-striped table-sm\">\n<thead class=\"table-dark\">\n<tr>\n<th>Nome</th>\n<th>Existente</th>\n<th>Na Reserva</th>\n<th>Cautelados</th>\n<th>Destinos</th>\n</tr>\n</thead>\n<tbody>\n<tr>\n<td>Binóculo Termal JIM LR</td>\n<td>2</td>\n<td>2</td>\n<td>0</td>\n<td>\r\n                                \r\n                                    -\r\n                                \r\n                            </td>\n</tr>\n<tr>\n<td>Luneta Carl Zeiss 50x</td>\n<td>1</td>\n<td>0</td>\n<td>1</td>\n<td>\r\n                                \r\n                                    \r\n                                        (1) Missão\r\n                                    \r\n                                \r\n                            </td>\n</tr>\n<tr>\n<td>Luneta de observação Bushnell</td>\n<td>10</td>\n<td>0</td>\n<td>10</td>\n<td>\r\n                                \r\n                                    \r\n                                        (10) testeeeeee\r\n                                    \r\n                                \r\n                            </td>\n</tr>\n</tbody>\n</table>\n</div>\n<div class=\"mb-5\">\n<h3 class=\"text-dark\">Materiais externos</h3>\n<table class=\"table table-bordered table-striped table-sm\">\n<thead class=\"table-dark\">\n<tr>\n<th>Nome</th>\n<th>Existente</th>\n<th>Na Reserva</th>\n<th>Cautelados</th>\n<th>Destinos</th>\n</tr>\n</thead>\n<tbody>\n<tr>\n<td class=\"text-center\" colspan=\"5\">Nenhum material encontrado nesta categoria.</td>\n</tr>\n</tbody>\n</table>\n</div>\n<div class=\"mb-5\">\n<h3 class=\"text-dark\">Cases</h3>\n<table class=\"table table-bordered table-striped table-sm\">\n<thead class=\"table-dark\">\n<tr>\n<th>Descrição</th>\n<th>Responsável</th>\n<th>Lacre</th>\n</tr>\n</thead>\n<tbody>\n<tr>\n<td>Case preta nª 07</td>\n<td>DAC</td>\n<td>33554456</td>\n</tr></tbody>\n</table>\n</div>\n</div>"}}, {"model": "guardiao.prontoarmamento", "pk": 15, "fields": {"data": "2025-01-04", "numero": 6, "lacre": "2222222", "assinante_1": 4, "funcao_1": 4, "assinante_2": 3, "funcao_2": 3, "assinante_3": 2, "funcao_3": 2, "tabela": "<div id=\"conteudo_salvo\">\n<div class=\"mb-5\">\n<h4 class=\"text-dark\">Armamento</h4>\n<div class=\"table-responsive\">\n<table class=\"table table-hover table-bordered table-striped table-sm tabela-pequena\">\n<thead class=\"table-dark\">\n<tr class=\"text-center\">\n<th class=\"col-nome\">Nome</th>\n<th class=\"col-existente\">Existente</th>\n<th class=\"col-reserva\">Na Reserva</th>\n<th class=\"col-cautelados\">Cautelados</th>\n<th class=\"col-destinos\">Destinos</th>\n</tr>\n</thead>\n<tbody>\n<tr>\n<td>Carregador IA2</td>\n<td class=\"text-center\">300</td>\n<td class=\"text-center\">0</td>\n<td class=\"text-center\">300</td>\n<td>\r\n                                    \r\n                                        \r\n                                            (20) Missão, \r\n                                        \r\n                                            (10) casa, \r\n                                        \r\n                                            (270) 123\r\n                                        \r\n                                    \r\n                                </td>\n</tr>\n<tr>\n<td>Carregador Para-Fal </td>\n<td class=\"text-center\">300</td>\n<td class=\"text-center\">250</td>\n<td class=\"text-center\">50</td>\n<td>\r\n                                    \r\n                                        \r\n                                            (30) casa, \r\n                                        \r\n                                            (20) FORMATURA\r\n                                        \r\n                                    \r\n                                </td>\n</tr>\n<tr>\n<td>Fuzil IA2 5,56mm</td>\n<td class=\"text-center\">5</td>\n<td class=\"text-center\">1</td>\n<td class=\"text-center\">4</td>\n<td>\r\n                                    \r\n                                        \r\n                                            (2) Missão, \r\n                                        \r\n                                            (1) FORMATURA, \r\n                                        \r\n                                            (1) casa\r\n                                        \r\n                                    \r\n                                </td>\n</tr>\n<tr>\n<td>Fuzil Para-Fal 5,56mm</td>\n<td class=\"text-center\">4</td>\n<td class=\"text-center\">2</td>\n<td class=\"text-center\">2</td>\n<td>\r\n                                    \r\n                                        \r\n                                            (2) casa\r\n                                        \r\n                                    \r\n                                </td>\n</tr>\n</tbody>\n</table>\n</div>\n</div>\n<div class=\"mb-5\">\n<h4 class=\"text-dark\">Optrônicos</h4>\n<div class=\"table-responsive\">\n<table class=\"table table-hover table-bordered table-striped table-sm tabela-pequena\">\n<thead class=\"table-dark\">\n<tr class=\"text-center\">\n<th class=\"col-nome\">Nome</th>\n<th class=\"col-existente\">Existente</th>\n<th class=\"col-reserva\">Na Reserva</th>\n<th class=\"col-cautelados\">Cautelados</th>\n<th class=\"col-destinos\">Destinos</th>\n</tr>\n</thead>\n<tbody>\n<tr>\n<td>Binóculo Termal JIM LR</td>\n<td class=\"text-center\">2</td>\n<td class=\"text-center\">2</td>\n<td class=\"text-center\">0</td>\n<td>\r\n                                    \r\n                                        -\r\n                                    \r\n                                </td>\n</tr>\n<tr>\n<td>Luneta Carl Zeiss 50x</td>\n<td class=\"text-center\">1</td>\n<td class=\"text-center\">0</td>\n<td class=\"text-center\">1</td>\n<td>\r\n                                    \r\n                                        \r\n                                            (1) Missão\r\n                                        \r\n                                    \r\n                                </td>\n</tr>\n<tr>\n<td>Luneta de observação Bushnell</td>\n<td class=\"text-center\">10</td>\n<td class=\"text-center\">0</td>\n<td class=\"text-center\">10</td>\n<td>\r\n                                    \r\n                                        \r\n                                            (10) testeeeeee\r\n                                        \r\n                                    \r\n                                </td>\n</tr>\n</tbody>\n</table>\n</div>\n</div>\n<div class=\"mb-5\">\n<h4 class=\"text-dark\">Materiais externos</h4>\n<div class=\"table-responsive\">\n<table class=\"table table-hover table-bordered table-striped table-sm tabela-pequena\">\n<thead class=\"table-dark\">\n<tr class=\"text-center\">\n<th class=\"col-nome\">Nome</th>\n<th class=\"col-existente\">Existente</th>\n<th class=\"col-reserva\">Na Reserva</th>\n<th class=\"col-cautelados\">Cautelados</th>\n<th class=\"col-destinos\">Destinos</th>\n</tr>\n</thead>\n<tbody>\n<tr>\n<td class=\"text-center\" colspan=\"5\">Nenhum material encontrado nesta categoria.</td>\n</tr>\n</tbody>\n</table>\n</div>\n</div>\n<div class=\"mb-5\">\n<h3 class=\"text-dark\">Cases</h3>\n<div class=\"table-responsive\">\n<table class=\"table table-bordered table-striped table-sm tabela-pequena\">\n<thead class=\"table-dark text-center\">\n<tr>\n<th>Descrição</th>\n<th>Responsável</th>\n<th>Lacre</th>\n</tr>\n</thead>\n<tbody>\n<tr>\n<td>Case preta nª 07</td>\n<td>DAC</td>\n<td>33554456</td>\n</tr>\n</tbody>\n</table>\n</div>\n</div>\n</div>"}}, {"model": "guardiao.prontoarmamento", "pk": 16, "fields": {"data": "2025-01-04", "numero": 7, "lacre": "56546546654", "assinante_1": 4, "funcao_1": 4, "assinante_2": 3, "funcao_2": 3, "assinante_3": 2, "funcao_3": 2, "tabela": "<div id=\"conteudo_salvo\">\n<div class=\"mb-5\">\n<h4 class=\"text-dark\">Armamento</h4>\n<div class=\"table-responsive\">\n<table class=\"table table-hover table-bordered table-striped table-sm tabela-pequena\">\n<thead class=\"table-dark\">\n<tr class=\"text-center\">\n<th class=\"col-nome\">Nome</th>\n<th class=\"col-existente\">Existente</th>\n<th class=\"col-reserva\">Na Reserva</th>\n<th class=\"col-cautelados\">Cautelados</th>\n<th class=\"col-destinos\">Destinos</th>\n</tr>\n</thead>\n<tbody>\n<tr>\n<td>Carregador IA2</td>\n<td class=\"text-center\">300</td>\n<td class=\"text-center\">0</td>\n<td class=\"text-center\">300</td>\n<td>\r\n                                    \r\n                                        \r\n                                            (20) Missão, \r\n                                        \r\n                                            (10) casa, \r\n                                        \r\n                                            (270) 123\r\n                                        \r\n                                    \r\n                                </td>\n</tr>\n<tr>\n<td>Carregador Para-Fal </td>\n<td class=\"text-center\">300</td>\n<td class=\"text-center\">250</td>\n<td class=\"text-center\">50</td>\n<td>\r\n                                    \r\n                                        \r\n                                            (30) casa, \r\n                                        \r\n                                            (20) FORMATURA\r\n                                        \r\n                                    \r\n                                </td>\n</tr>\n<tr>\n<td>Fuzil IA2 5,56mm</td>\n<td class=\"text-center\">5</td>\n<td class=\"text-center\">1</td>\n<td class=\"text-center\">4</td>\n<td>\r\n                                    \r\n                                        \r\n                                            (2) Missão, \r\n                                        \r\n                                            (1) FORMATURA, \r\n                                        \r\n                                            (1) casa\r\n                                        \r\n                                    \r\n                                </td>\n</tr>\n<tr>\n<td>Fuzil Para-Fal 5,56mm</td>\n<td class=\"text-center\">4</td>\n<td class=\"text-center\">2</td>\n<td class=\"text-center\">2</td>\n<td>\r\n                                    \r\n                                        \r\n                                            (2) casa\r\n                                        \r\n                                    \r\n                                </td>\n</tr>\n</tbody>\n</table>\n</div>\n</div>\n<div class=\"mb-5\">\n<h4 class=\"text-dark\">Optrônicos</h4>\n<div class=\"table-responsive\">\n<table class=\"table table-hover table-bordered table-striped table-sm tabela-pequena\">\n<thead class=\"table-dark\">\n<tr class=\"text-center\">\n<th class=\"col-nome\">Nome</th>\n<th class=\"col-existente\">Existente</th>\n<th class=\"col-reserva\">Na Reserva</th>\n<th class=\"col-cautelados\">Cautelados</th>\n<th class=\"col-destinos\">Destinos</th>\n</tr>\n</thead>\n<tbody>\n<tr>\n<td>Binóculo Termal JIM LR</td>\n<td class=\"text-center\">2</td>\n<td class=\"text-center\">2</td>\n<td class=\"text-center\">0</td>\n<td>\r\n                                    \r\n                                        -\r\n                                    \r\n                                </td>\n</tr>\n<tr>\n<td>Luneta Carl Zeiss 50x</td>\n<td class=\"text-center\">1</td>\n<td class=\"text-center\">0</td>\n<td class=\"text-center\">1</td>\n<td>\r\n                                    \r\n                                        \r\n                                            (1) Missão\r\n                                        \r\n                                    \r\n                                </td>\n</tr>\n<tr>\n<td>Luneta de observação Bushnell</td>\n<td class=\"text-center\">10</td>\n<td class=\"text-center\">0</td>\n<td class=\"text-center\">10</td>\n<td>\r\n                                    \r\n                                        \r\n                                            (10) testeeeeee\r\n                                        \r\n                                    \r\n                                </td>\n</tr>\n</tbody>\n</table>\n</div>\n</div>\n<div class=\"mb-5\">\n<h4 class=\"text-dark\">Materiais externos</h4>\n<div class=\"table-responsive\">\n<table class=\"table table-hover table-bordered table-striped table-sm tabela-pequena\">\n<thead class=\"table-dark\">\n<tr class=\"text-center\">\n<th class=\"col-nome\">Nome</th>\n<th class=\"col-existente\">Existente</th>\n<th class=\"col-reserva\">Na Reserva</th>\n<th class=\"col-cautelados\">Cautelados</th>\n<th class=\"col-destinos\">Destinos</th>\n</tr>\n</thead>\n<tbody>\n<tr>\n<td class=\"text-center\" colspan=\"5\">Nenhum material encontrado nesta categoria.</td>\n</tr>\n</tbody>\n</table>\n</div>\n</div>\n<div class=\"mb-5\">\n<h3 class=\"text-dark\">Cases</h3>\n<div class=\"table-responsive\">\n<table class=\"table table-bordered table-striped table-sm tabela-pequena\">\n<thead class=\"table-dark text-center\">\n<tr>\n<th>Descrição</th>\n<th>Responsável</th>\n<th>Lacre</th>\n</tr>\n</thead>\n<tbody>\n<tr>\n<td>Case preta nª 07</td>\n<td>DAC</td>\n<td>33554456</td>\n</tr>\n</tbody>\n</table>\n</div>\n</div>\n</div>"}}, {"model": "guardiao.prontoarmamento", "pk": 17, "fields": {"data": "2025-01-04", "numero": 8, "lacre": "abcde", "assinante_1": 4, "funcao_1": 4, "assinante_2": 3, "funcao_2": 3, "assinante_3": 2, "funcao_3": 2, "tabela": "<div id=\"conteudo_salvo\">\n<style>\r\n\r\n                .tabela-pequena {\r\n                    font-size: 13px; /* Reduz o tamanho da fonte */\r\n                }\r\n                .assinaturas-container {\r\n                    margin-top: 30px;\r\n                    display: flex;\r\n                    justify-content: center;\r\n                    flex-wrap: wrap;\r\n                    gap: 20px;\r\n                }\r\n                .assinatura-box {\r\n                    width: 250px;\r\n                    text-align: center;\r\n                }\r\n            </style>\n<div class=\"mb-5\">\n<h6 class=\"text-dark\">Armamento</h6>\n<div class=\"table-responsive\">\n<table class=\"table table-hover table-bordered table-striped table-sm tabela-pequena\">\n<thead class=\"table-dark\">\n<tr class=\"text-center\">\n<th class=\"col-nome\">Nome</th>\n<th class=\"col-existente\">Existente</th>\n<th class=\"col-reserva\">Na Reserva</th>\n<th class=\"col-cautelados\">Cautelados</th>\n<th class=\"col-destinos\">Destinos</th>\n</tr>\n</thead>\n<tbody>\n<tr>\n<td>Carregador IA2</td>\n<td class=\"text-center\">300</td>\n<td class=\"text-center\">0</td>\n<td class=\"text-center\">300</td>\n<td>\r\n                                    \r\n                                        \r\n                                            (20) Missão, \r\n                                        \r\n                                            (10) casa, \r\n                                        \r\n                                            (270) 123\r\n                                        \r\n                                    \r\n                                </td>\n</tr>\n<tr>\n<td>Carregador Para-Fal </td>\n<td class=\"text-center\">300</td>\n<td class=\"text-center\">250</td>\n<td class=\"text-center\">50</td>\n<td>\r\n                                    \r\n                                        \r\n                                            (30) casa, \r\n                                        \r\n                                            (20) FORMATURA\r\n                                        \r\n                                    \r\n                                </td>\n</tr>\n<tr>\n<td>Fuzil IA2 5,56mm</td>\n<td class=\"text-center\">5</td>\n<td class=\"text-center\">1</td>\n<td class=\"text-center\">4</td>\n<td>\r\n                                    \r\n                                        \r\n                                            (2) Missão, \r\n                                        \r\n                                            (1) FORMATURA, \r\n                                        \r\n                                            (1) casa\r\n                                        \r\n                                    \r\n                                </td>\n</tr>\n<tr>\n<td>Fuzil Para-Fal 5,56mm</td>\n<td class=\"text-center\">4</td>\n<td class=\"text-center\">2</td>\n<td class=\"text-center\">2</td>\n<td>\r\n                                    \r\n                                        \r\n                                            (2) casa\r\n                                        \r\n                                    \r\n                                </td>\n</tr>\n</tbody>\n</table>\n</div>\n</div>\n<div class=\"mb-5\">\n<h6 class=\"text-dark\">Optrônicos</h6>\n<div class=\"table-responsive\">\n<table class=\"table table-hover table-bordered table-striped table-sm tabela-pequena\">\n<thead class=\"table-dark\">\n<tr class=\"text-center\">\n<th class=\"col-nome\">Nome</th>\n<th class=\"col-existente\">Existente</th>\n<th class=\"col-reserva\">Na Reserva</th>\n<th class=\"col-cautelados\">Cautelados</th>\n<th class=\"col-destinos\">Destinos</th>\n</tr>\n</thead>\n<tbody>\n<tr>\n<td>Binóculo Termal JIM LR</td>\n<td class=\"text-center\">2</td>\n<td class=\"text-center\">2</td>\n<td class=\"text-center\">0</td>\n<td>\r\n                                    \r\n                                        -\r\n                                    \r\n                                </td>\n</tr>\n<tr>\n<td>Luneta Carl Zeiss 50x</td>\n<td class=\"text-center\">1</td>\n<td class=\"text-center\">0</td>\n<td class=\"text-center\">1</td>\n<td>\r\n                                    \r\n                                        \r\n                                            (1) Missão\r\n                                        \r\n                                    \r\n                                </td>\n</tr>\n<tr>\n<td>Luneta de observação Bushnell</td>\n<td class=\"text-center\">10</td>\n<td class=\"text-center\">0</td>\n<td class=\"text-center\">10</td>\n<td>\r\n                                    \r\n                                        \r\n                                            (10) testeeeeee\r\n                                        \r\n                                    \r\n                                </td>\n</tr>\n</tbody>\n</table>\n</div>\n</div>\n<div class=\"mb-5\">\n<h6 class=\"text-dark\">Materiais externos</h6>\n<div class=\"table-responsive\">\n<table class=\"table table-hover table-bordered table-striped table-sm tabela-pequena\">\n<thead class=\"table-dark\">\n<tr class=\"text-center\">\n<th class=\"col-nome\">Nome</th>\n<th class=\"col-existente\">Existente</th>\n<th class=\"col-reserva\">Na Reserva</th>\n<th class=\"col-cautelados\">Cautelados</th>\n<th class=\"col-destinos\">Destinos</th>\n</tr>\n</thead>\n<tbody>\n<tr>\n<td class=\"text-center\" colspan=\"5\">Nenhum material encontrado nesta categoria.</td>\n</tr>\n</tbody>\n</table>\n</div>\n</div>\n<div class=\"mb-5\">\n<h6 class=\"text-dark\">Cases</h6>\n<div class=\"table-responsive\">\n<table class=\"table table-bordered table-striped table-sm tabela-pequena\">\n<thead class=\"table-dark text-center\">\n<tr>\n<th>Descrição</th>\n<th>Responsável</th>\n<th>Lacre</th>\n</tr>\n</thead>\n<tbody>\n<tr>\n<td>Case preta nª 07</td>\n<td>DAC</td>\n<td>33554456</td>\n</tr>\n</tbody>\n</table>\n</div>\n</div>\n</div>"}}, {"model": "guardiao.prontoarmamento", "pk": 18, "fields": {"data": "2025-01-04", "numero": 9, "lacre": "3333333", "assinante_1": 4, "funcao_1": 4, "assinante_2": 3, "funcao_2": 3, "assinante_3": 2, "funcao_3": 2, "tabela": "<div id=\"conteudo_salvo\">\n<style>\r\n                .col-nome { width: 30%; }\r\n                .col-existente { width: 10%; }\r\n                .col-reserva { width: 10%; }\r\n                .col-cautelados { width: 10%; }\r\n                .col-destinos { width: 40%; }\r\n                .tabela-pequena {\r\n                    font-size: 13px; /* Reduz o tamanho da fonte */\r\n                }\r\n                .assinaturas-container {\r\n                    margin-top: 30px;\r\n                    display: flex;\r\n                    justify-content: center;\r\n                    flex-wrap: wrap;\r\n                    gap: 20px;\r\n                }\r\n                .assinatura-box {\r\n                    width: 250px;\r\n                    text-align: center;\r\n                }\r\n            </style>\n<div class=\"mb-5\">\n<h6 class=\"text-dark\">Armamento</h6>\n<div class=\"table-responsive\">\n<table class=\"table table-hover table-bordered table-striped table-sm tabela-pequena\">\n<thead class=\"table-dark\">\n<tr class=\"text-center\">\n<th class=\"col-nome\">Nome</th>\n<th class=\"col-existente\">Existente</th>\n<th class=\"col-reserva\">Na Reserva</th>\n<th class=\"col-cautelados\">Cautelados</th>\n<th class=\"col-destinos\">Destinos</th>\n</tr>\n</thead>\n<tbody>\n<tr>\n<td>Carregador IA2</td>\n<td class=\"text-center\">300</td>\n<td class=\"text-center\">0</td>\n<td class=\"text-center\">300</td>\n<td>\r\n                                    \r\n                                        \r\n                                            (20) Missão, \r\n                                        \r\n                                            (10) casa, \r\n                                        \r\n                                            (270) 123\r\n                                        \r\n                                    \r\n                                </td>\n</tr>\n<tr>\n<td>Carregador Para-Fal </td>\n<td class=\"text-center\">300</td>\n<td class=\"text-center\">250</td>\n<td class=\"text-center\">50</td>\n<td>\r\n                                    \r\n                                        \r\n                                            (30) casa, \r\n                                        \r\n                                            (20) FORMATURA\r\n                                        \r\n                                    \r\n                                </td>\n</tr>\n<tr>\n<td>Fuzil IA2 5,56mm</td>\n<td class=\"text-center\">5</td>\n<td class=\"text-center\">1</td>\n<td class=\"text-center\">4</td>\n<td>\r\n                                    \r\n                                        \r\n                                            (2) Missão, \r\n                                        \r\n                                            (1) FORMATURA, \r\n                                        \r\n                                            (1) casa\r\n                                        \r\n                                    \r\n                                </td>\n</tr>\n<tr>\n<td>Fuzil Para-Fal 5,56mm</td>\n<td class=\"text-center\">4</td>\n<td class=\"text-center\">2</td>\n<td class=\"text-center\">2</td>\n<td>\r\n                                    \r\n                                        \r\n                                            (2) casa\r\n                                        \r\n                                    \r\n                                </td>\n</tr>\n</tbody>\n</table>\n</div>\n</div>\n<div class=\"mb-5\">\n<h6 class=\"text-dark\">Optrônicos</h6>\n<div class=\"table-responsive\">\n<table class=\"table table-hover table-bordered table-striped table-sm tabela-pequena\">\n<thead class=\"table-dark\">\n<tr class=\"text-center\">\n<th class=\"col-nome\">Nome</th>\n<th class=\"col-existente\">Existente</th>\n<th class=\"col-reserva\">Na Reserva</th>\n<th class=\"col-cautelados\">Cautelados</th>\n<th class=\"col-destinos\">Destinos</th>\n</tr>\n</thead>\n<tbody>\n<tr>\n<td>Binóculo Termal JIM LR</td>\n<td class=\"text-center\">2</td>\n<td class=\"text-center\">2</td>\n<td class=\"text-center\">0</td>\n<td>\r\n                                    \r\n                                        -\r\n                                    \r\n                                </td>\n</tr>\n<tr>\n<td>Luneta Carl Zeiss 50x</td>\n<td class=\"text-center\">1</td>\n<td class=\"text-center\">0</td>\n<td class=\"text-center\">1</td>\n<td>\r\n                                    \r\n                                        \r\n                                            (1) Missão\r\n                                        \r\n                                    \r\n                                </td>\n</tr>\n<tr>\n<td>Luneta de observação Bushnell</td>\n<td class=\"text-center\">10</td>\n<td class=\"text-center\">0</td>\n<td class=\"text-center\">10</td>\n<td>\r\n                                    \r\n                                        \r\n                                            (10) testeeeeee\r\n                                        \r\n                                    \r\n                                </td>\n</tr>\n</tbody>\n</table>\n</div>\n</div>\n<div class=\"mb-5\">\n<h6 class=\"text-dark\">Materiais externos</h6>\n<div class=\"table-responsive\">\n<table class=\"table table-hover table-bordered table-striped table-sm tabela-pequena\">\n<thead class=\"table-dark\">\n<tr class=\"text-center\">\n<th class=\"col-nome\">Nome</th>\n<th class=\"col-existente\">Existente</th>\n<th class=\"col-reserva\">Na Reserva</th>\n<th class=\"col-cautelados\">Cautelados</th>\n<th class=\"col-destinos\">Destinos</th>\n</tr>\n</thead>\n<tbody>\n<tr>\n<td class=\"text-center\" colspan=\"5\">Nenhum material encontrado nesta categoria.</td>\n</tr>\n</tbody>\n</table>\n</div>\n</div>\n<div class=\"mb-5\">\n<h6 class=\"text-dark\">Cases</h6>\n<div class=\"table-responsive\">\n<table class=\"table table-bordered table-striped table-sm tabela-pequena\">\n<thead class=\"table-dark text-center\">\n<tr>\n<th>Descrição</th>\n<th>Responsável</th>\n<th>Lacre</th>\n</tr>\n</thead>\n<tbody>\n<tr>\n<td>Case preta nª 07</td>\n<td>DAC</td>\n<td>33554456</td>\n</tr>\n</tbody>\n</table>\n</div>\n</div>\n</div>"}}, {"model": "guardiao.prontoarmamento", "pk": 19, "fields": {"data": "2025-01-04", "numero": 10, "lacre": "22323233", "assinante_1": 4, "funcao_1": 4, "assinante_2": 3, "funcao_2": 3, "assinante_3": 2, "funcao_3": 2, "tabela": "<div id=\"conteudo_salvo\">\n<style>\r\n                .col-nome { width: 30%; }\r\n                .col-existente { width: 12%; }\r\n                .col-reserva { width: 12%; }\r\n                .col-cautelados { width: 12%; }\r\n                .col-destinos { width: 34%; }\r\n                .tabela-pequena {\r\n                    font-size: 13px; /* Reduz o tamanho da fonte */\r\n                }\r\n                .assinaturas-container {\r\n                    margin-top: 30px;\r\n                    display: flex;\r\n                    justify-content: center;\r\n                    flex-wrap: wrap;\r\n                    gap: 20px;\r\n                }\r\n                .assinatura-box {\r\n                    width: 250px;\r\n                    text-align: center;\r\n                }\r\n            </style>\n<div class=\"mb-5\">\n<h6 class=\"text-dark\">Armamento</h6>\n<div class=\"table-responsive\">\n<table class=\"table table-hover table-bordered table-striped table-sm tabela-pequena\">\n<thead class=\"table-dark\">\n<tr class=\"text-center\">\n<th class=\"col-nome\">Nome</th>\n<th class=\"col-existente\">Existente</th>\n<th class=\"col-reserva\">Na Reserva</th>\n<th class=\"col-cautelados\">Cautelados</th>\n<th class=\"col-destinos\">Destinos</th>\n</tr>\n</thead>\n<tbody>\n<tr>\n<td>Carregador IA2</td>\n<td class=\"text-center\">300</td>\n<td class=\"text-center\">0</td>\n<td class=\"text-center\">300</td>\n<td>\r\n                                    \r\n                                        \r\n                                            (20) Missão, \r\n                                        \r\n                                            (10) casa, \r\n                                        \r\n                                            (270) 123\r\n                                        \r\n                                    \r\n                                </td>\n</tr>\n<tr>\n<td>Carregador Para-Fal </td>\n<td class=\"text-center\">300</td>\n<td class=\"text-center\">250</td>\n<td class=\"text-center\">50</td>\n<td>\r\n                                    \r\n                                        \r\n                                            (30) casa, \r\n                                        \r\n                                            (20) FORMATURA\r\n                                        \r\n                                    \r\n                                </td>\n</tr>\n<tr>\n<td>Fuzil IA2 5,56mm</td>\n<td class=\"text-center\">5</td>\n<td class=\"text-center\">1</td>\n<td class=\"text-center\">4</td>\n<td>\r\n                                    \r\n                                        \r\n                                            (2) Missão, \r\n                                        \r\n                                            (1) FORMATURA, \r\n                                        \r\n                                            (1) casa\r\n                                        \r\n                                    \r\n                                </td>\n</tr>\n<tr>\n<td>Fuzil Para-Fal 5,56mm</td>\n<td class=\"text-center\">4</td>\n<td class=\"text-center\">2</td>\n<td class=\"text-center\">2</td>\n<td>\r\n                                    \r\n                                        \r\n                                            (2) casa\r\n                                        \r\n                                    \r\n                                </td>\n</tr>\n</tbody>\n</table>\n</div>\n</div>\n<div class=\"mb-5\">\n<h6 class=\"text-dark\">Optrônicos</h6>\n<div class=\"table-responsive\">\n<table class=\"table table-hover table-bordered table-striped table-sm tabela-pequena\">\n<thead class=\"table-dark\">\n<tr class=\"text-center\">\n<th class=\"col-nome\">Nome</th>\n<th class=\"col-existente\">Existente</th>\n<th class=\"col-reserva\">Na Reserva</th>\n<th class=\"col-cautelados\">Cautelados</th>\n<th class=\"col-destinos\">Destinos</th>\n</tr>\n</thead>\n<tbody>\n<tr>\n<td>Binóculo Termal JIM LR</td>\n<td class=\"text-center\">2</td>\n<td class=\"text-center\">2</td>\n<td class=\"text-center\">0</td>\n<td>\r\n                                    \r\n                                        -\r\n                                    \r\n                                </td>\n</tr>\n<tr>\n<td>Luneta Carl Zeiss 50x</td>\n<td class=\"text-center\">1</td>\n<td class=\"text-center\">0</td>\n<td class=\"text-center\">1</td>\n<td>\r\n                                    \r\n                                        \r\n                                            (1) Missão\r\n                                        \r\n                                    \r\n                                </td>\n</tr>\n<tr>\n<td>Luneta de observação Bushnell</td>\n<td class=\"text-center\">10</td>\n<td class=\"text-center\">0</td>\n<td class=\"text-center\">10</td>\n<td>\r\n                                    \r\n                                        \r\n                                            (10) testeeeeee\r\n                                        \r\n                                    \r\n                                </td>\n</tr>\n</tbody>\n</table>\n</div>\n</div>\n<div class=\"mb-5\">\n<h6 class=\"text-dark\">Materiais externos</h6>\n<div class=\"table-responsive\">\n<table class=\"table table-hover table-bordered table-striped table-sm tabela-pequena\">\n<thead class=\"table-dark\">\n<tr class=\"text-center\">\n<th class=\"col-nome\">Nome</th>\n<th class=\"col-existente\">Existente</th>\n<th class=\"col-reserva\">Na Reserva</th>\n<th class=\"col-cautelados\">Cautelados</th>\n<th class=\"col-destinos\">Destinos</th>\n</tr>\n</thead>\n<tbody>\n<tr>\n<td class=\"text-center\" colspan=\"5\">Nenhum material encontrado nesta categoria.</td>\n</tr>\n</tbody>\n</table>\n</div>\n</div>\n<div class=\"mb-5\">\n<h6 class=\"text-dark\">Cases</h6>\n<div class=\"table-responsive\">\n<table class=\"table table-bordered table-striped table-sm tabela-pequena\">\n<thead class=\"table-dark text-center\">\n<tr>\n<th>Descrição</th>\n<th>Responsável</th>\n<th>Lacre</th>\n</tr>\n</thead>\n<tbody>\n<tr>\n<td>Case preta nª 07</td>\n<td>DAC</td>\n<td>33554456</td>\n</tr>\n</tbody>\n</table>\n</div>\n</div>\n</div>"}}, {"model": "guardiao.prontoarmamento", "pk": 20, "fields": {"data": "2025-01-04", "numero": 11, "lacre": "3233134432", "assinante_1": 4, "funcao_1": 4, "assinante_2": 3, "funcao_2": 3, "assinante_3": 2, "funcao_3": 2, "tabela": "<div id=\"conteudo_salvo\">\n<style>\r\n                .col-nome { width: 30%; }\r\n                .col-existente { width: 12%; }\r\n                .col-reserva { width: 12%; }\r\n                .col-cautelados { width: 12%; }\r\n                .col-destinos { width: 34%; }\r\n                .tabela-pequena {\r\n                    font-size: 13px; /* Reduz o tamanho da fonte */\r\n                }\r\n                .assinaturas-container {\r\n                    margin-top: 30px;\r\n                    display: flex;\r\n                    justify-content: center;\r\n                    flex-wrap: wrap;\r\n                    gap: 20px;\r\n                }\r\n                .assinatura-box {\r\n                    width: 250px;\r\n                    text-align: center;\r\n                }\r\n            </style>\n<div class=\"mb-5\">\n<h6 class=\"text-dark\">Armamento</h6>\n<div class=\"table-responsive\">\n<table class=\"table table-hover table-bordered table-striped table-sm tabela-pequena\">\n<thead class=\"table-dark\">\n<tr class=\"text-center\">\n<th class=\"col-nome\">Nome</th>\n<th class=\"col-existente\">Existente</th>\n<th class=\"col-reserva\">Na Reserva</th>\n<th class=\"col-cautelados\">Cautelados</th>\n<th class=\"col-destinos\">Destinos</th>\n</tr>\n</thead>\n<tbody>\n<tr>\n<td>Carregador IA2</td>\n<td class=\"text-center\">300</td>\n<td class=\"text-center\">0</td>\n<td class=\"text-center\">300</td>\n<td>\r\n                                    \r\n                                        \r\n                                            (20) Missão, \r\n                                        \r\n                                            (10) casa, \r\n                                        \r\n                                            (270) 123\r\n                                        \r\n                                    \r\n                                </td>\n</tr>\n<tr>\n<td>Carregador Para-Fal </td>\n<td class=\"text-center\">300</td>\n<td class=\"text-center\">250</td>\n<td class=\"text-center\">50</td>\n<td>\r\n                                    \r\n                                        \r\n                                            (30) casa, \r\n                                        \r\n                                            (20) FORMATURA\r\n                                        \r\n                                    \r\n                                </td>\n</tr>\n<tr>\n<td>Fuzil IA2 5,56mm</td>\n<td class=\"text-center\">5</td>\n<td class=\"text-center\">1</td>\n<td class=\"text-center\">4</td>\n<td>\r\n                                    \r\n                                        \r\n                                            (2) Missão, \r\n                                        \r\n                                            (1) FORMATURA, \r\n                                        \r\n                                            (1) casa\r\n                                        \r\n                                    \r\n                                </td>\n</tr>\n<tr>\n<td>Fuzil Para-Fal 5,56mm</td>\n<td class=\"text-center\">4</td>\n<td class=\"text-center\">2</td>\n<td class=\"text-center\">2</td>\n<td>\r\n                                    \r\n                                        \r\n                                            (2) casa\r\n                                        \r\n                                    \r\n                                </td>\n</tr>\n</tbody>\n</table>\n</div>\n</div>\n<div class=\"mb-5\">\n<h6 class=\"text-dark\">Optrônicos</h6>\n<div class=\"table-responsive\">\n<table class=\"table table-hover table-bordered table-striped table-sm tabela-pequena\">\n<thead class=\"table-dark\">\n<tr class=\"text-center\">\n<th class=\"col-nome\">Nome</th>\n<th class=\"col-existente\">Existente</th>\n<th class=\"col-reserva\">Na Reserva</th>\n<th class=\"col-cautelados\">Cautelados</th>\n<th class=\"col-destinos\">Destinos</th>\n</tr>\n</thead>\n<tbody>\n<tr>\n<td>Binóculo Termal JIM LR</td>\n<td class=\"text-center\">2</td>\n<td class=\"text-center\">2</td>\n<td class=\"text-center\">0</td>\n<td>\r\n                                    \r\n                                        -\r\n                                    \r\n                                </td>\n</tr>\n<tr>\n<td>Luneta Carl Zeiss 50x</td>\n<td class=\"text-center\">1</td>\n<td class=\"text-center\">0</td>\n<td class=\"text-center\">1</td>\n<td>\r\n                                    \r\n                                        \r\n                                            (1) Missão\r\n                                        \r\n                                    \r\n                                </td>\n</tr>\n<tr>\n<td>Luneta de observação Bushnell</td>\n<td class=\"text-center\">10</td>\n<td class=\"text-center\">0</td>\n<td class=\"text-center\">10</td>\n<td>\r\n                                    \r\n                                        \r\n                                            (10) testeeeeee\r\n                                        \r\n                                    \r\n                                </td>\n</tr>\n</tbody>\n</table>\n</div>\n</div>\n<div class=\"mb-5\">\n<h6 class=\"text-dark\">Materiais externos</h6>\n<div class=\"table-responsive\">\n<table class=\"table table-hover table-bordered table-striped table-sm tabela-pequena\">\n<thead class=\"table-dark\">\n<tr class=\"text-center\">\n<th class=\"col-nome\">Nome</th>\n<th class=\"col-existente\">Existente</th>\n<th class=\"col-reserva\">Na Reserva</th>\n<th class=\"col-cautelados\">Cautelados</th>\n<th class=\"col-destinos\">Destinos</th>\n</tr>\n</thead>\n<tbody>\n<tr>\n<td class=\"text-center\" colspan=\"5\">Nenhum material encontrado nesta categoria.</td>\n</tr>\n</tbody>\n</table>\n</div>\n</div>\n<div class=\"mb-5\">\n<h6 class=\"text-dark\">Cases</h6>\n<div class=\"table-responsive\">\n<table class=\"table table-bordered table-striped table-sm tabela-pequena\">\n<thead class=\"table-dark text-center\">\n<tr>\n<th>Descrição</th>\n<th>Responsável</th>\n<th>Lacre</th>\n</tr>\n</thead>\n<tbody>\n<tr>\n<td>CASE PRETA 03</td>\n<td>DAC</td>\n<td>44234223</td>\n</tr>\n</tbody>\n</table>\n</div>\n</div>\n</div>"}}]
