BEGIN;
CREATE TABLE IF NOT EXISTS django_migrations (id integer NOT NULL SERIAL PRIMARY KEY, app varchar(255) NOT NULL, name varchar(255) NOT NULL, applied datetime NOT NULL);
INSERT INTO django_migrations VALUES(1,'contenttypes','0001_initial','2025-01-02 19:23:03.774377');
INSERT INTO django_migrations VALUES(2,'auth','0001_initial','2025-01-02 19:23:03.820031');
INSERT INTO django_migrations VALUES(3,'admin','0001_initial','2025-01-02 19:23:03.856842');
INSERT INTO django_migrations VALUES(4,'admin','0002_logentry_remove_auto_add','2025-01-02 19:23:03.904777');
INSERT INTO django_migrations VALUES(5,'admin','0003_logentry_add_action_flag_choices','2025-01-02 19:23:03.956674');
INSERT INTO django_migrations VALUES(6,'contenttypes','0002_remove_content_type_name','2025-01-02 19:23:04.106093');
INSERT INTO django_migrations VALUES(7,'auth','0002_alter_permission_name_max_length','2025-01-02 19:23:04.183712');
INSERT INTO django_migrations VALUES(8,'auth','0003_alter_user_email_max_length','2025-01-02 19:23:04.237225');
INSERT INTO django_migrations VALUES(9,'auth','0004_alter_user_username_opts','2025-01-02 19:23:04.265796');
INSERT INTO django_migrations VALUES(10,'auth','0005_alter_user_last_login_null','2025-01-02 19:23:04.325383');
INSERT INTO django_migrations VALUES(11,'auth','0006_require_contenttypes_0002','2025-01-02 19:23:04.335148');
INSERT INTO django_migrations VALUES(12,'auth','0007_alter_validators_add_error_messages','2025-01-02 19:23:04.366501');
INSERT INTO django_migrations VALUES(13,'auth','0008_alter_user_username_max_length','2025-01-02 19:23:04.451630');
INSERT INTO django_migrations VALUES(14,'auth','0009_alter_user_last_name_max_length','2025-01-02 19:23:04.501114');
INSERT INTO django_migrations VALUES(15,'auth','0010_alter_group_name_max_length','2025-01-02 19:23:04.559389');
INSERT INTO django_migrations VALUES(16,'auth','0011_update_proxy_permissions','2025-01-02 19:23:04.599865');
INSERT INTO django_migrations VALUES(17,'auth','0012_alter_user_first_name_max_length','2025-01-02 19:23:04.649462');
INSERT INTO django_migrations VALUES(18,'sessions','0001_initial','2025-01-02 19:23:04.691844');
INSERT INTO django_migrations VALUES(19,'guardiao','0001_initial','2025-01-02 19:24:39.832647');
INSERT INTO django_migrations VALUES(20,'guardiao','0002_cliente_imagem_identidade','2025-01-02 22:14:30.253474');
INSERT INTO django_migrations VALUES(21,'guardiao','0003_material_descricao','2025-01-02 22:26:10.522872');
INSERT INTO django_migrations VALUES(22,'guardiao','0004_remove_emprestimo_materiais_emprestimo_isativa_and_more','2025-01-02 22:47:56.293523');
INSERT INTO django_migrations VALUES(23,'guardiao','0005_emprestimo_materiais','2025-01-02 22:48:22.147148');
INSERT INTO django_migrations VALUES(24,'guardiao','0006_categoria_remove_material_descricao_and_more','2025-01-03 00:09:21.712109');
INSERT INTO django_migrations VALUES(25,'guardiao','0007_emprestimohistorico','2025-01-03 12:23:46.166207');
INSERT INTO django_migrations VALUES(26,'guardiao','0008_cliente_cpf_cliente_foto_cliente_isativo_and_more','2025-01-03 14:29:22.238948');
INSERT INTO django_migrations VALUES(27,'guardiao','0009_operador_funcao_operador_nivel_acesso','2025-01-03 14:55:44.075281');
INSERT INTO django_migrations VALUES(28,'guardiao','0010_rename_quantidade_material_quantidade_disponivel_and_more','2025-01-03 15:58:03.838677');
INSERT INTO django_migrations VALUES(29,'guardiao','0011_case','2025-01-03 17:49:44.408223');
INSERT INTO django_migrations VALUES(30,'guardiao','0012_assinante_funcaoassinante_prontoarmamento','2025-01-03 20:08:09.530458');
INSERT INTO django_migrations VALUES(31,'guardiao','0013_alter_prontoarmamento_conteudo','2025-01-03 21:33:05.300855');
INSERT INTO django_migrations VALUES(32,'guardiao','0014_alter_prontoarmamento_conteudo','2025-01-04 14:25:23.247606');
INSERT INTO django_migrations VALUES(33,'guardiao','0015_remove_prontoarmamento_conteudo_and_more','2025-01-04 14:26:39.005319');
INSERT INTO django_migrations VALUES(34,'guardiao','0016_rename_html_renderizado_prontoarmamento_tabelas_html','2025-01-04 14:35:45.039387');
INSERT INTO django_migrations VALUES(35,'guardiao','0017_rename_tabelas_html_prontoarmamento_tabelas','2025-01-04 15:08:49.659582');
INSERT INTO django_migrations VALUES(36,'guardiao','0018_rename_tabelas_prontoarmamento_tabela','2025-01-04 15:30:16.430438');
CREATE TABLE IF NOT EXISTS auth_group_permissions (id integer NOT NULL SERIAL PRIMARY KEY, group_id integer NOT NULL REFERENCES auth_group (id) DEFERRABLE INITIALLY DEFERRED, permission_id integer NOT NULL REFERENCES auth_permission (id) DEFERRABLE INITIALLY DEFERRED);
CREATE TABLE IF NOT EXISTS auth_user_groups (id integer NOT NULL SERIAL PRIMARY KEY, user_id integer NOT NULL REFERENCES auth_user (id) DEFERRABLE INITIALLY DEFERRED, group_id integer NOT NULL REFERENCES auth_group (id) DEFERRABLE INITIALLY DEFERRED);
CREATE TABLE IF NOT EXISTS auth_user_user_permissions (id integer NOT NULL SERIAL PRIMARY KEY, user_id integer NOT NULL REFERENCES auth_user (id) DEFERRABLE INITIALLY DEFERRED, permission_id integer NOT NULL REFERENCES auth_permission (id) DEFERRABLE INITIALLY DEFERRED);
CREATE TABLE IF NOT EXISTS django_admin_log (id integer NOT NULL SERIAL PRIMARY KEY, object_id text NULL, object_repr varchar(200) NOT NULL, action_flag smallint unsigned NOT NULL CHECK (action_flag >= 0), change_message text NOT NULL, content_type_id integer NULL REFERENCES django_content_type (id) DEFERRABLE INITIALLY DEFERRED, user_id integer NOT NULL REFERENCES auth_user (id) DEFERRABLE INITIALLY DEFERRED, action_time datetime NOT NULL);
INSERT INTO django_admin_log VALUES(1,'2','admin',1,'[{added: {}}]',9,1,'2025-01-02 23:10:18.489844');
INSERT INTO django_admin_log VALUES(2,'1','Armamento',1,'[{added: {}}]',12,1,'2025-01-03 00:11:06.850600');
INSERT INTO django_admin_log VALUES(3,'9','Empréstimo para Luuu',2,'[]',8,1,'2025-01-03 12:24:29.218108');
INSERT INTO django_admin_log VALUES(4,'9','Empréstimo para Luuu',2,'[]',8,1,'2025-01-03 12:24:38.005565');
INSERT INTO django_admin_log VALUES(5,'9','Empréstimo para Luuu',2,'[{changed: {fields: [IsAtiva]}}]',8,1,'2025-01-03 12:24:54.686439');
INSERT INTO django_admin_log VALUES(6,'9','Empréstimo para Luuu',2,'[{changed: {fields: [IsAtiva]}}]',8,1,'2025-01-03 12:25:15.961897');
INSERT INTO django_admin_log VALUES(7,'2','Optrônicos',1,'[{added: {}}]',12,1,'2025-01-03 12:41:11.907282');
INSERT INTO django_admin_log VALUES(8,'9','Empréstimo para Luuu',3,'',8,1,'2025-01-03 14:15:57.998851');
INSERT INTO django_admin_log VALUES(9,'8','Empréstimo para Luuu',3,'',8,1,'2025-01-03 14:15:58.004851');
INSERT INTO django_admin_log VALUES(10,'7','Empréstimo para Luuu',3,'',8,1,'2025-01-03 14:15:58.010848');
INSERT INTO django_admin_log VALUES(11,'6','Empréstimo para Luuu',3,'',8,1,'2025-01-03 14:15:58.019851');
INSERT INTO django_admin_log VALUES(12,'5','Empréstimo para Luuu',3,'',8,1,'2025-01-03 14:15:58.026849');
INSERT INTO django_admin_log VALUES(13,'4','Empréstimo para Luuu',3,'',8,1,'2025-01-03 14:15:58.033850');
INSERT INTO django_admin_log VALUES(14,'3','Empréstimo para Luuu',3,'',8,1,'2025-01-03 14:15:58.039849');
INSERT INTO django_admin_log VALUES(15,'2','Empréstimo para Luuu',3,'',8,1,'2025-01-03 14:15:58.046851');
INSERT INTO django_admin_log VALUES(16,'1','Empréstimo para Luuu',3,'',8,1,'2025-01-03 14:15:58.052851');
INSERT INTO django_admin_log VALUES(17,'7','Luneta Carl Zeiss 50x (Qtd: 1)',3,'',7,1,'2025-01-03 14:16:06.125810');
INSERT INTO django_admin_log VALUES(18,'6','Fuzil - Registro: 434424',3,'',7,1,'2025-01-03 14:16:06.133811');
INSERT INTO django_admin_log VALUES(19,'5','Carregador de Fuzil (Qtd: 200)',3,'',7,1,'2025-01-03 14:16:06.139813');
INSERT INTO django_admin_log VALUES(20,'4','Fuzil - Registro: 234234545',3,'',7,1,'2025-01-03 14:16:06.148812');
INSERT INTO django_admin_log VALUES(21,'3','leite  (Qtd: 0)',3,'',7,1,'2025-01-03 14:16:06.153815');
INSERT INTO django_admin_log VALUES(22,'2','agua (Qtd: 0)',3,'',7,1,'2025-01-03 14:16:06.161848');
INSERT INTO django_admin_log VALUES(23,'1','teste (Qtd: 0)',3,'',7,1,'2025-01-03 14:16:06.166811');
INSERT INTO django_admin_log VALUES(24,'1','leonardo',2,'[{changed: {fields: [Nome]}}]',9,1,'2025-01-03 14:16:23.646350');
INSERT INTO django_admin_log VALUES(25,'2','admin',2,'[{changed: {fields: [Nome]}}]',9,1,'2025-01-03 14:16:46.503880');
INSERT INTO django_admin_log VALUES(26,'1','Luuu',3,'',10,1,'2025-01-03 14:16:56.228913');
INSERT INTO django_admin_log VALUES(27,'3','Cases',1,'[{added: {}}]',12,1,'2025-01-03 14:17:16.561695');
INSERT INTO django_admin_log VALUES(28,'8','Fuzil IA2 - Registro: 8579',1,'[{added: {}}]',7,1,'2025-01-03 14:18:21.757769');
INSERT INTO django_admin_log VALUES(29,'9','Fuzil IA2 - Registro: 5689',1,'[{added: {}}]',7,1,'2025-01-03 14:18:47.240396');
INSERT INTO django_admin_log VALUES(30,'10','Fuzil IA2 - Registro: 9879',1,'[{added: {}}]',7,1,'2025-01-03 14:18:58.161123');
INSERT INTO django_admin_log VALUES(31,'11','Fuzil IA2 - Registro: 6598',1,'[{added: {}}]',7,1,'2025-01-03 14:19:11.943072');
INSERT INTO django_admin_log VALUES(32,'12','Fuzil Para-Fal 5,56mm - Registro: 8966',1,'[{added: {}}]',7,1,'2025-01-03 14:19:45.348062');
INSERT INTO django_admin_log VALUES(33,'13','Fuzil Para-Fal 5,56mm - Registro: 8526',1,'[{added: {}}]',7,1,'2025-01-03 14:20:04.962471');
INSERT INTO django_admin_log VALUES(34,'14','Fuzil Para-Fal 5,56mm - Registro: 7456',1,'[{added: {}}]',7,1,'2025-01-03 14:20:12.541935');
INSERT INTO django_admin_log VALUES(35,'15','Carregador IA2 (Qtd: 300)',1,'[{added: {}}]',7,1,'2025-01-03 14:20:30.727357');
INSERT INTO django_admin_log VALUES(36,'16','Carregador IA2 (Qtd: 200)',1,'[{added: {}}]',7,1,'2025-01-03 14:20:56.206677');
INSERT INTO django_admin_log VALUES(37,'17','Binóculo Termal JIM LR - Registro: 68956665',1,'[{added: {}}]',7,1,'2025-01-03 14:21:19.873621');
INSERT INTO django_admin_log VALUES(38,'18','Luneta de observação Bushnell - Registro: 59877',1,'[{added: {}}]',7,1,'2025-01-03 14:21:55.939200');
INSERT INTO django_admin_log VALUES(39,'2','admin',3,'',9,1,'2025-01-03 14:50:46.042419');
INSERT INTO django_admin_log VALUES(40,'1','leonardo',3,'',9,1,'2025-01-03 14:50:46.048414');
INSERT INTO django_admin_log VALUES(41,'1','Leonardo Pimentel',1,'[{added: {}}]',9,1,'2025-01-03 14:57:24.683479');
INSERT INTO django_admin_log VALUES(42,'3','Administrador',1,'[{added: {}}]',9,1,'2025-01-03 15:04:17.305265');
INSERT INTO django_admin_log VALUES(43,'3','Administrador',2,'[{changed: {fields: [Funcao, Nivel acesso]}}]',9,1,'2025-01-03 15:04:27.349322');
INSERT INTO django_admin_log VALUES(44,'3','leonardo',2,'[{changed: {fields: [First name, Last name, Email address, Superuser status]}}]',4,1,'2025-01-03 15:05:14.419837');
INSERT INTO django_admin_log VALUES(45,'3','leonardo',2,'[{changed: {fields: [Staff status]}}]',4,1,'2025-01-03 15:06:08.018711');
INSERT INTO django_admin_log VALUES(46,'10','Empréstimo para Magno Alves de Souza',3,'',8,3,'2025-01-03 15:30:49.986885');
INSERT INTO django_admin_log VALUES(47,'15','Empréstimo para Magno Alves de Souza',3,'',8,3,'2025-01-03 15:54:28.729732');
INSERT INTO django_admin_log VALUES(48,'12','Empréstimo para Magno Alves de Souza',3,'',8,3,'2025-01-03 15:54:28.736713');
INSERT INTO django_admin_log VALUES(49,'11','Empréstimo para Magno Alves de Souza',3,'',8,3,'2025-01-03 15:54:28.742718');
INSERT INTO django_admin_log VALUES(50,'18','Luneta de observação Bushnell - Registro: 59877',3,'',7,3,'2025-01-03 15:54:37.248138');
INSERT INTO django_admin_log VALUES(51,'17','Binóculo Termal JIM LR - Registro: 68956665',3,'',7,3,'2025-01-03 15:54:37.255140');
INSERT INTO django_admin_log VALUES(52,'16','Carregador IA2 (Qtd: 200)',3,'',7,3,'2025-01-03 15:54:37.261143');
INSERT INTO django_admin_log VALUES(53,'15','Carregador IA2 (Qtd: 300)',3,'',7,3,'2025-01-03 15:54:37.269140');
INSERT INTO django_admin_log VALUES(54,'14','Fuzil Para-Fal 5,56mm - Registro: 7456',3,'',7,3,'2025-01-03 15:54:37.275140');
INSERT INTO django_admin_log VALUES(55,'13','Fuzil Para-Fal 5,56mm - Registro: 8526',3,'',7,3,'2025-01-03 15:54:37.282138');
INSERT INTO django_admin_log VALUES(56,'12','Fuzil Para-Fal 5,56mm - Registro: 8966',3,'',7,3,'2025-01-03 15:54:37.289151');
INSERT INTO django_admin_log VALUES(57,'11','Fuzil IA2 - Registro: 6598',3,'',7,3,'2025-01-03 15:54:37.295137');
INSERT INTO django_admin_log VALUES(58,'10','Fuzil IA2 - Registro: 9879',3,'',7,3,'2025-01-03 15:54:37.301136');
INSERT INTO django_admin_log VALUES(59,'9','Fuzil IA2 - Registro: 5689',3,'',7,3,'2025-01-03 15:54:37.308140');
INSERT INTO django_admin_log VALUES(60,'8','Fuzil IA2 - Registro: 8579',3,'',7,3,'2025-01-03 15:54:37.313140');
INSERT INTO django_admin_log VALUES(61,'1','Fuzil IA2 5,56mm - Registro: 3215464',1,'[{added: {}}]',7,3,'2025-01-03 16:05:51.602184');
INSERT INTO django_admin_log VALUES(62,'1','Fuzil IA2 5,56mm - Registro: 3215464',2,'[{changed: {fields: [Quantidade disponivel]}}]',7,3,'2025-01-03 16:06:12.370487');
INSERT INTO django_admin_log VALUES(63,'7','Fuzil Para-Fal 5,56mm - Registro: 67566',2,'[{changed: {fields: [Quantidade disponivel, Quantidade emprestada]}}]',7,3,'2025-01-03 16:40:56.298295');
INSERT INTO django_admin_log VALUES(64,'9','Fuzil Para-Fal 5,56mm - Registro: 3423',2,'[{changed: {fields: [Quantidade disponivel, Quantidade emprestada]}}]',7,3,'2025-01-03 16:41:12.706470');
INSERT INTO django_admin_log VALUES(65,'1','Fuzil IA2 5,56mm - Registro: 234423',2,'[{changed: {fields: [Quantidade disponivel, Quantidade emprestada]}}]',7,3,'2025-01-03 16:42:04.922550');
INSERT INTO django_admin_log VALUES(66,'10','Luneta Carl Zeiss 50x - Registro: 35454',2,'[{changed: {fields: [Quantidade disponivel, Quantidade emprestada]}}]',7,3,'2025-01-03 16:42:14.862601');
INSERT INTO django_admin_log VALUES(67,'1','Leonardo Pimentel',2,'[{changed: {fields: [Nivel acesso]}}]',9,3,'2025-01-03 18:28:53.977199');
INSERT INTO django_admin_log VALUES(68,'1','Leonardo Pimentel',2,'[{changed: {fields: [Nivel acesso]}}]',9,1,'2025-01-03 18:40:16.664282');
INSERT INTO django_admin_log VALUES(69,'1','Leonardo Pimentel',2,'[{changed: {fields: [Nivel acesso]}}]',9,1,'2025-01-03 19:11:05.193452');
INSERT INTO django_admin_log VALUES(70,'14','Pronto #14 - 2025-01-03',3,'',15,1,'2025-01-04 14:25:44.203933');
INSERT INTO django_admin_log VALUES(71,'13','Pronto #13 - 2025-01-03',3,'',15,1,'2025-01-04 14:25:44.216430');
INSERT INTO django_admin_log VALUES(72,'12','Pronto #12 - 2025-01-03',3,'',15,1,'2025-01-04 14:25:44.232560');
INSERT INTO django_admin_log VALUES(73,'11','Pronto #11 - 2025-01-03',3,'',15,1,'2025-01-04 14:25:44.233079');
INSERT INTO django_admin_log VALUES(74,'10','Pronto #10 - 2025-01-03',3,'',15,1,'2025-01-04 14:25:44.247993');
INSERT INTO django_admin_log VALUES(75,'9','Pronto #9 - 2025-01-03',3,'',15,1,'2025-01-04 14:25:44.255111');
INSERT INTO django_admin_log VALUES(76,'8','Pronto #8 - 2025-01-03',3,'',15,1,'2025-01-04 14:25:44.264488');
INSERT INTO django_admin_log VALUES(77,'7','Pronto #7 - 2025-01-03',3,'',15,1,'2025-01-04 14:25:44.264488');
INSERT INTO django_admin_log VALUES(78,'6','Pronto #6 - 2025-01-03',3,'',15,1,'2025-01-04 14:25:44.279635');
INSERT INTO django_admin_log VALUES(79,'5','Pronto #5 - 2025-01-03',3,'',15,1,'2025-01-04 14:25:44.283651');
INSERT INTO django_admin_log VALUES(80,'4','Pronto #4 - 2025-01-03',3,'',15,1,'2025-01-04 14:25:44.297634');
INSERT INTO django_admin_log VALUES(81,'3','Pronto #3 - 2025-01-03',3,'',15,1,'2025-01-04 14:25:44.307683');
INSERT INTO django_admin_log VALUES(82,'2','Pronto #2 - 2025-01-03',3,'',15,1,'2025-01-04 14:25:44.317151');
INSERT INTO django_admin_log VALUES(83,'1','Pronto #1 - 2025-01-03',3,'',15,1,'2025-01-04 14:25:44.326621');
INSERT INTO django_admin_log VALUES(84,'1','Pronto #1 - 2025-01-04',3,'',15,1,'2025-01-04 14:37:35.158697');
INSERT INTO django_admin_log VALUES(85,'3','Pronto #2 - 2025-01-04',3,'',15,1,'2025-01-04 15:05:07.971322');
INSERT INTO django_admin_log VALUES(86,'2','Pronto #1 - 2025-01-04',3,'',15,1,'2025-01-04 15:05:07.986456');
INSERT INTO django_admin_log VALUES(87,'5','Pronto #2 - 2025-01-04',3,'',15,1,'2025-01-04 16:23:35.509070');
INSERT INTO django_admin_log VALUES(88,'4','Pronto #1 - 2025-01-04',3,'',15,1,'2025-01-04 16:23:35.516106');
INSERT INTO django_admin_log VALUES(89,'7','Pronto #2 - 2025-01-04',3,'',15,1,'2025-01-04 16:57:57.292168');
INSERT INTO django_admin_log VALUES(90,'9','Pronto #3 - 2025-01-04',3,'',15,1,'2025-01-04 17:01:09.536876');
INSERT INTO django_admin_log VALUES(91,'8','Pronto #2 - 2025-01-04',3,'',15,1,'2025-01-04 17:01:09.542872');
INSERT INTO django_admin_log VALUES(92,'6','Pronto #1 - 2025-01-04',3,'',15,1,'2025-01-04 17:01:09.547873');
INSERT INTO django_admin_log VALUES(93,'2','Eduardo Cordeiro Vasconcelos - Maj',2,'[{changed: {fields: [Nome]}}]',16,1,'2025-01-04 18:09:46.472099');
INSERT INTO django_admin_log VALUES(94,'3','Alexandre Alves de Oliveira - 1º Ten',1,'[{added: {}}]',16,1,'2025-01-04 18:10:16.351264');
INSERT INTO django_admin_log VALUES(95,'4','Iranildo da Cunha - Sd',1,'[{added: {}}]',16,1,'2025-01-04 18:10:33.395110');
INSERT INTO django_admin_log VALUES(96,'1','Leonardo Pimentel',2,'[{changed: {fields: [Nivel acesso]}}]',9,3,'2025-01-04 19:34:23.534940');
INSERT INTO django_admin_log VALUES(97,'1','Leonardo Pimentel',2,'[{changed: {fields: [Nivel acesso]}}]',9,3,'2025-01-04 19:34:40.020107');
INSERT INTO django_admin_log VALUES(98,'1','Leonardo Pimentel',2,'[{changed: {fields: [Nivel acesso]}}]',9,1,'2025-01-04 22:43:19.060150');
INSERT INTO django_admin_log VALUES(99,'1','Leonardo Pimentel',2,'[{changed: {fields: [Nivel acesso]}}]',9,1,'2025-01-04 23:05:23.870614');
INSERT INTO django_admin_log VALUES(100,'1','Leonardo Pimentel',2,'[{changed: {fields: [Nivel acesso]}}]',9,3,'2025-01-04 23:05:59.924899');
INSERT INTO django_admin_log VALUES(101,'1','Leonardo Pimentel',2,'[{changed: {fields: [Nivel acesso]}}]',9,3,'2025-01-04 23:06:07.155340');
INSERT INTO django_admin_log VALUES(102,'1','Leonardo Pimentel',2,'[{changed: {fields: [Nivel acesso]}}]',9,3,'2025-01-04 23:08:55.020283');
INSERT INTO django_admin_log VALUES(103,'1','Leonardo Pimentel',2,'[{changed: {fields: [Nivel acesso]}}]',9,3,'2025-01-04 23:18:09.831590');
INSERT INTO django_admin_log VALUES(104,'1','Leonardo Pimentel',2,'[{changed: {fields: [Nivel acesso]}}]',9,3,'2025-01-04 23:18:20.457699');
INSERT INTO django_admin_log VALUES(105,'1','Leonardo Pimentel',2,'[{changed: {fields: [Nivel acesso]}}]',9,3,'2025-01-04 23:26:48.595775');
INSERT INTO django_admin_log VALUES(106,'1','Leonardo Pimentel',2,'[{changed: {fields: [Nivel acesso]}}]',9,3,'2025-01-04 23:26:59.496849');
INSERT INTO django_admin_log VALUES(107,'1','Leonardo Pimentel',2,'[{changed: {fields: [Nivel acesso]}}]',9,3,'2025-01-04 23:40:21.496570');
INSERT INTO django_admin_log VALUES(108,'1','Leonardo Pimentel',2,'[{changed: {fields: [Nivel acesso]}}]',9,3,'2025-01-04 23:45:57.075092');
INSERT INTO django_admin_log VALUES(109,'1','Leonardo Pimentel',2,'[{changed: {fields: [Nivel acesso]}}]',9,3,'2025-01-05 01:11:23.373645');
INSERT INTO django_admin_log VALUES(110,'1','Leonardo Pimentel',2,'[{changed: {fields: [Nivel acesso]}}]',9,3,'2025-01-05 01:26:42.326618');
INSERT INTO django_admin_log VALUES(111,'26','Empréstimo para Magno Alves de Souza',3,'',8,3,'2025-01-05 01:28:52.027391');
INSERT INTO django_admin_log VALUES(112,'25','Empréstimo para Marcos de Souza',3,'',8,3,'2025-01-05 01:28:52.036385');
INSERT INTO django_admin_log VALUES(113,'24','Empréstimo para Magno Alves de Souza',3,'',8,3,'2025-01-05 01:28:52.041908');
INSERT INTO django_admin_log VALUES(114,'23','Empréstimo para Marcos de Souza',3,'',8,3,'2025-01-05 01:28:52.045767');
INSERT INTO django_admin_log VALUES(115,'22','Empréstimo para Magno Alves de Souza',3,'',8,3,'2025-01-05 01:29:14.763013');
INSERT INTO django_admin_log VALUES(116,'21','Empréstimo para Marcos de Souza',3,'',8,3,'2025-01-05 01:29:14.770968');
INSERT INTO django_admin_log VALUES(117,'20','Empréstimo para Marcos de Souza',3,'',8,3,'2025-01-05 01:29:14.774567');
INSERT INTO django_admin_log VALUES(118,'19','Empréstimo para Magno Alves de Souza',3,'',8,3,'2025-01-05 01:29:14.774567');
INSERT INTO django_admin_log VALUES(119,'18','Empréstimo para Marcos de Souza',3,'',8,3,'2025-01-05 01:29:14.774567');
INSERT INTO django_admin_log VALUES(120,'17','Empréstimo para Magno Alves de Souza',3,'',8,3,'2025-01-05 01:29:14.791158');
INSERT INTO django_admin_log VALUES(121,'16','Empréstimo para Marcos de Souza',3,'',8,3,'2025-01-05 01:29:14.791158');
INSERT INTO django_admin_log VALUES(122,'14','Carregador Para-Fal (Total: 300, Disponível: 300)',2,'[{changed: {fields: [Nome, Quantidade disponivel, Quantidade emprestada]}}]',7,3,'2025-01-05 01:29:54.436763');
INSERT INTO django_admin_log VALUES(123,'14','Carregador Para-Fal (Total: 300, Disponível: 300)',2,'[]',7,3,'2025-01-05 01:29:56.966116');
INSERT INTO django_admin_log VALUES(124,'13','Carregador IA2 (Total: 300, Disponível: 300)',2,'[{changed: {fields: [Quantidade disponivel, Quantidade emprestada]}}]',7,3,'2025-01-05 01:30:09.914371');
INSERT INTO django_admin_log VALUES(125,'12','Binóculo Termal JIM LR - Registro: 5987',2,'[{changed: {fields: [Quantidade disponivel]}}]',7,3,'2025-01-05 01:30:20.334026');
INSERT INTO django_admin_log VALUES(126,'11','Luneta de observação Bushnell (Total: 10, Disponível: 10)',2,'[{changed: {fields: [Quantidade disponivel, Quantidade emprestada]}}]',7,3,'2025-01-05 01:30:29.860395');
INSERT INTO django_admin_log VALUES(127,'10','Luneta Carl Zeiss 50x - Registro: 35454',2,'[{changed: {fields: [Quantidade disponivel, Quantidade emprestada]}}]',7,3,'2025-01-05 01:30:39.649381');
INSERT INTO django_admin_log VALUES(128,'9','Fuzil Para-Fal 5,56mm - Registro: 3423',2,'[{changed: {fields: [Quantidade disponivel, Quantidade emprestada]}}]',7,3,'2025-01-05 01:30:51.066503');
INSERT INTO django_admin_log VALUES(129,'8','Fuzil Para-Fal 5,56mm - Registro: 675578787',2,'[{changed: {fields: [Quantidade disponivel]}}]',7,3,'2025-01-05 01:31:00.882072');
INSERT INTO django_admin_log VALUES(130,'7','Fuzil Para-Fal 5,56mm - Registro: 67566',2,'[{changed: {fields: [Quantidade disponivel, Quantidade emprestada]}}]',7,3,'2025-01-05 01:31:10.286867');
INSERT INTO django_admin_log VALUES(131,'6','Fuzil Para-Fal 5,56mm - Registro: 56464',2,'[{changed: {fields: [Quantidade disponivel]}}]',7,3,'2025-01-05 01:31:18.621038');
INSERT INTO django_admin_log VALUES(132,'5','Fuzil IA2 5,56mm - Registro: 454455',2,'[{changed: {fields: [Quantidade disponivel, Quantidade emprestada]}}]',7,3,'2025-01-05 01:31:29.928163');
INSERT INTO django_admin_log VALUES(133,'4','Fuzil IA2 5,56mm - Registro: 54534534',2,'[{changed: {fields: [Quantidade disponivel]}}]',7,3,'2025-01-05 01:31:38.795005');
INSERT INTO django_admin_log VALUES(134,'3','Fuzil IA2 5,56mm - Registro: 443434',2,'[{changed: {fields: [Quantidade disponivel, Quantidade emprestada]}}]',7,3,'2025-01-05 01:31:46.249376');
INSERT INTO django_admin_log VALUES(135,'2','Fuzil IA2 5,56mm - Registro: 34353455',2,'[{changed: {fields: [Quantidade disponivel]}}]',7,3,'2025-01-05 01:31:52.515874');
INSERT INTO django_admin_log VALUES(136,'1','Fuzil IA2 5,56mm - Registro: 234423',2,'[{changed: {fields: [Quantidade disponivel, Quantidade emprestada]}}]',7,3,'2025-01-05 01:31:59.834292');
INSERT INTO django_admin_log VALUES(137,'27','Empréstimo para Magno Alves de Souza',3,'',8,3,'2025-01-05 01:36:46.650110');
INSERT INTO django_admin_log VALUES(138,'13','Carregador IA2 (Total: 300, Disponível: 300)',2,'[{changed: {fields: [Quantidade disponivel, Quantidade emprestada]}}]',7,3,'2025-01-05 01:40:47.418029');
INSERT INTO django_admin_log VALUES(139,'28','Empréstimo para Magno Alves de Souza',3,'',8,3,'2025-01-05 01:42:07.213086');
INSERT INTO django_admin_log VALUES(140,'13','Carregador IA2 (Total: 300, Disponível: 300)',2,'[{changed: {fields: [Quantidade disponivel, Quantidade emprestada]}}]',7,3,'2025-01-05 01:45:52.591365');
INSERT INTO django_admin_log VALUES(141,'29','Empréstimo para Magno Alves de Souza',3,'',8,3,'2025-01-05 01:49:28.427687');
INSERT INTO django_admin_log VALUES(142,'30','Empréstimo para Magno Alves de Souza',3,'',8,3,'2025-01-05 01:50:10.672159');
INSERT INTO django_admin_log VALUES(143,'14','Carregador Para-Fal (Total: 300, Disponível: 300)',2,'[{changed: {fields: [Quantidade disponivel, Quantidade emprestada]}}]',7,3,'2025-01-05 01:50:30.608281');
INSERT INTO django_admin_log VALUES(144,'31','Empréstimo para Magno Alves de Souza',3,'',8,3,'2025-01-05 01:54:30.028185');
INSERT INTO django_admin_log VALUES(145,'32','Empréstimo para Magno Alves de Souza',1,'[{added: {}}, {added: {name: emprestimo material, object: Fuzil Para-Fal 5,56mm - Registro: 56464 (1 unidade)}}, {added: {name: emprestimo material, object: Carregador IA2 (50 unidades)}}]',8,3,'2025-01-05 02:00:18.431438');
INSERT INTO django_admin_log VALUES(146,'6','Fuzil Para-Fal 5,56mm - Registro: 56464',2,'[{changed: {fields: [Quantidade disponivel, Quantidade emprestada]}}]',7,3,'2025-01-05 02:00:55.071507');
INSERT INTO django_admin_log VALUES(147,'32','Empréstimo para Magno Alves de Souza',3,'',8,3,'2025-01-05 02:01:42.660882');
INSERT INTO django_admin_log VALUES(148,'33','Empréstimo para Magno Alves de Souza',3,'',8,3,'2025-01-05 02:05:41.166044');
INSERT INTO django_admin_log VALUES(149,'34','Empréstimo para Magno Alves de Souza',3,'',8,3,'2025-01-05 02:06:56.990139');
INSERT INTO django_admin_log VALUES(150,'35','Empréstimo para Magno Alves de Souza',3,'',8,3,'2025-01-05 02:09:21.917955');
INSERT INTO django_admin_log VALUES(151,'36','Empréstimo para Magno Alves de Souza',3,'',8,3,'2025-01-05 02:09:52.551017');
INSERT INTO django_admin_log VALUES(152,'37','Empréstimo para Magno Alves de Souza',3,'',8,3,'2025-01-05 02:13:32.266189');
INSERT INTO django_admin_log VALUES(153,'14','Carregador Para-Fal (Total: 300, Disponível: 300)',2,'[{changed: {fields: [Quantidade disponivel, Quantidade emprestada]}}]',7,3,'2025-01-05 02:14:04.120499');
INSERT INTO django_admin_log VALUES(154,'13','Carregador IA2 (Total: 300, Disponível: 300)',2,'[{changed: {fields: [Quantidade disponivel, Quantidade emprestada]}}]',7,3,'2025-01-05 02:14:13.855698');
INSERT INTO django_admin_log VALUES(155,'6','Fuzil Para-Fal 5,56mm - Registro: 56464',2,'[{changed: {fields: [Quantidade disponivel, Quantidade emprestada]}}]',7,3,'2025-01-05 02:14:27.699239');
INSERT INTO django_admin_log VALUES(156,'2','Fuzil IA2 5,56mm - Registro: 34353455',2,'[{changed: {fields: [Quantidade disponivel]}}]',7,3,'2025-01-05 02:14:36.076607');
INSERT INTO django_admin_log VALUES(157,'38','Empréstimo para Magno Alves de Souza',3,'',8,3,'2025-01-05 02:15:56.497398');
INSERT INTO django_admin_log VALUES(158,'1','Leonardo Pimentel',2,'[{changed: {fields: [Nivel acesso]}}]',9,3,'2025-01-05 02:28:15.267627');
CREATE TABLE IF NOT EXISTS django_content_type (id integer NOT NULL SERIAL PRIMARY KEY, app_label varchar(100) NOT NULL, model varchar(100) NOT NULL);
INSERT INTO django_content_type VALUES(1,'admin','logentry');
INSERT INTO django_content_type VALUES(2,'auth','permission');
INSERT INTO django_content_type VALUES(3,'auth','group');
INSERT INTO django_content_type VALUES(4,'auth','user');
INSERT INTO django_content_type VALUES(5,'contenttypes','contenttype');
INSERT INTO django_content_type VALUES(6,'sessions','session');
INSERT INTO django_content_type VALUES(7,'guardiao','material');
INSERT INTO django_content_type VALUES(8,'guardiao','emprestimo');
INSERT INTO django_content_type VALUES(9,'guardiao','operador');
INSERT INTO django_content_type VALUES(10,'guardiao','cliente');
INSERT INTO django_content_type VALUES(11,'guardiao','emprestimomaterial');
INSERT INTO django_content_type VALUES(12,'guardiao','categoria');
INSERT INTO django_content_type VALUES(13,'guardiao','emprestimohistorico');
INSERT INTO django_content_type VALUES(14,'guardiao','case');
INSERT INTO django_content_type VALUES(15,'guardiao','prontoarmamento');
INSERT INTO django_content_type VALUES(16,'guardiao','assinante');
INSERT INTO django_content_type VALUES(17,'guardiao','funcaoassinante');
CREATE TABLE IF NOT EXISTS auth_permission (id integer NOT NULL SERIAL PRIMARY KEY, content_type_id integer NOT NULL REFERENCES django_content_type (id) DEFERRABLE INITIALLY DEFERRED, codename varchar(100) NOT NULL, name varchar(255) NOT NULL);
INSERT INTO auth_permission VALUES(1,1,'add_logentry','Can add log entry');
INSERT INTO auth_permission VALUES(2,1,'change_logentry','Can change log entry');
INSERT INTO auth_permission VALUES(3,1,'delete_logentry','Can delete log entry');
INSERT INTO auth_permission VALUES(4,1,'view_logentry','Can view log entry');
INSERT INTO auth_permission VALUES(5,2,'add_permission','Can add permission');
INSERT INTO auth_permission VALUES(6,2,'change_permission','Can change permission');
INSERT INTO auth_permission VALUES(7,2,'delete_permission','Can delete permission');
INSERT INTO auth_permission VALUES(8,2,'view_permission','Can view permission');
INSERT INTO auth_permission VALUES(9,3,'add_group','Can add group');
INSERT INTO auth_permission VALUES(10,3,'change_group','Can change group');
INSERT INTO auth_permission VALUES(11,3,'delete_group','Can delete group');
INSERT INTO auth_permission VALUES(12,3,'view_group','Can view group');
INSERT INTO auth_permission VALUES(13,4,'add_user','Can add user');
INSERT INTO auth_permission VALUES(14,4,'change_user','Can change user');
INSERT INTO auth_permission VALUES(15,4,'delete_user','Can delete user');
INSERT INTO auth_permission VALUES(16,4,'view_user','Can view user');
INSERT INTO auth_permission VALUES(17,5,'add_contenttype','Can add content type');
INSERT INTO auth_permission VALUES(18,5,'change_contenttype','Can change content type');
INSERT INTO auth_permission VALUES(19,5,'delete_contenttype','Can delete content type');
INSERT INTO auth_permission VALUES(20,5,'view_contenttype','Can view content type');
INSERT INTO auth_permission VALUES(21,6,'add_session','Can add session');
INSERT INTO auth_permission VALUES(22,6,'change_session','Can change session');
INSERT INTO auth_permission VALUES(23,6,'delete_session','Can delete session');
INSERT INTO auth_permission VALUES(24,6,'view_session','Can view session');
INSERT INTO auth_permission VALUES(25,7,'add_material','Can add material');
INSERT INTO auth_permission VALUES(26,7,'change_material','Can change material');
INSERT INTO auth_permission VALUES(27,7,'delete_material','Can delete material');
INSERT INTO auth_permission VALUES(28,7,'view_material','Can view material');
INSERT INTO auth_permission VALUES(29,8,'add_emprestimo','Can add emprestimo');
INSERT INTO auth_permission VALUES(30,8,'change_emprestimo','Can change emprestimo');
INSERT INTO auth_permission VALUES(31,8,'delete_emprestimo','Can delete emprestimo');
INSERT INTO auth_permission VALUES(32,8,'view_emprestimo','Can view emprestimo');
INSERT INTO auth_permission VALUES(33,9,'add_operador','Can add operador');
INSERT INTO auth_permission VALUES(34,9,'change_operador','Can change operador');
INSERT INTO auth_permission VALUES(35,9,'delete_operador','Can delete operador');
INSERT INTO auth_permission VALUES(36,9,'view_operador','Can view operador');
INSERT INTO auth_permission VALUES(37,10,'add_cliente','Can add cliente');
INSERT INTO auth_permission VALUES(38,10,'change_cliente','Can change cliente');
INSERT INTO auth_permission VALUES(39,10,'delete_cliente','Can delete cliente');
INSERT INTO auth_permission VALUES(40,10,'view_cliente','Can view cliente');
INSERT INTO auth_permission VALUES(41,11,'add_emprestimomaterial','Can add emprestimo material');
INSERT INTO auth_permission VALUES(42,11,'change_emprestimomaterial','Can change emprestimo material');
INSERT INTO auth_permission VALUES(43,11,'delete_emprestimomaterial','Can delete emprestimo material');
INSERT INTO auth_permission VALUES(44,11,'view_emprestimomaterial','Can view emprestimo material');
INSERT INTO auth_permission VALUES(45,12,'add_categoria','Can add categoria');
INSERT INTO auth_permission VALUES(46,12,'change_categoria','Can change categoria');
INSERT INTO auth_permission VALUES(47,12,'delete_categoria','Can delete categoria');
INSERT INTO auth_permission VALUES(48,12,'view_categoria','Can view categoria');
INSERT INTO auth_permission VALUES(49,13,'add_emprestimohistorico','Can add emprestimo historico');
INSERT INTO auth_permission VALUES(50,13,'change_emprestimohistorico','Can change emprestimo historico');
INSERT INTO auth_permission VALUES(51,13,'delete_emprestimohistorico','Can delete emprestimo historico');
INSERT INTO auth_permission VALUES(52,13,'view_emprestimohistorico','Can view emprestimo historico');
INSERT INTO auth_permission VALUES(53,14,'add_case','Can add case');
INSERT INTO auth_permission VALUES(54,14,'change_case','Can change case');
INSERT INTO auth_permission VALUES(55,14,'delete_case','Can delete case');
INSERT INTO auth_permission VALUES(56,14,'view_case','Can view case');
INSERT INTO auth_permission VALUES(57,15,'add_prontoarmamento','Can add pronto armamento');
INSERT INTO auth_permission VALUES(58,15,'change_prontoarmamento','Can change pronto armamento');
INSERT INTO auth_permission VALUES(59,15,'delete_prontoarmamento','Can delete pronto armamento');
INSERT INTO auth_permission VALUES(60,15,'view_prontoarmamento','Can view pronto armamento');
INSERT INTO auth_permission VALUES(61,16,'add_assinante','Can add assinante');
INSERT INTO auth_permission VALUES(62,16,'change_assinante','Can change assinante');
INSERT INTO auth_permission VALUES(63,16,'delete_assinante','Can delete assinante');
INSERT INTO auth_permission VALUES(64,16,'view_assinante','Can view assinante');
INSERT INTO auth_permission VALUES(65,17,'add_funcaoassinante','Can add funcao assinante');
INSERT INTO auth_permission VALUES(66,17,'change_funcaoassinante','Can change funcao assinante');
INSERT INTO auth_permission VALUES(67,17,'delete_funcaoassinante','Can delete funcao assinante');
INSERT INTO auth_permission VALUES(68,17,'view_funcaoassinante','Can view funcao assinante');
CREATE TABLE IF NOT EXISTS auth_group (id integer NOT NULL SERIAL PRIMARY KEY, name varchar(150) NOT NULL UNIQUE);
CREATE TABLE IF NOT EXISTS auth_user (id integer NOT NULL SERIAL PRIMARY KEY, password varchar(128) NOT NULL, last_login datetime NULL, is_superuser bool NOT NULL, username varchar(150) NOT NULL UNIQUE, last_name varchar(150) NOT NULL, email varchar(254) NOT NULL, is_staff bool NOT NULL, is_active bool NOT NULL, date_joined datetime NOT NULL, first_name varchar(150) NOT NULL);
INSERT INTO auth_user VALUES(1,'pbkdf2_sha256$720000$UAE6iEo06skItVxrKxKkX3$95xMmrFTKS/SXa+0qjJsb/SU6ebrLSuhygMzQKmVV8s=','2025-01-05 00:32:23.322468',1,'admin','','leonardo-eb@hotmail.com',1,1,'2025-01-02 19:28:12.639224','');
INSERT INTO auth_user VALUES(2,'pbkdf2_sha256$720000$Is9EzyEHqrpoGjNMXOFUpW$E3geedO2aRnEUTe8KnQJGsC61xmSAoBqa5sAMuCpTS4=',NULL,1,'leo','','leonardo-eb@hotmail.com',1,1,'2025-01-02 19:28:53.256016','');
INSERT INTO auth_user VALUES(3,'pbkdf2_sha256$870000$N29Z4lgnYDaFGlLxF7gHnp$mvL+qZ2Wm6F+DEeGJTzDR1TcKYE+4Qc74xnNthTEMtc=','2025-01-05 16:38:03.925516',1,'leonardo','Menezes','leonardo-eb@hotmail.com',1,1,'2025-01-02 19:42:25','Leonardo');
INSERT INTO auth_user VALUES(4,'pbkdf2_sha256$720000$PcHkb5sXjz5mqm94o3JTix$HyfUiOuXsWlCYXVxl33HHr9oHF2oWJhkedt3cJTHelQ=',NULL,0,'alexander','','',0,1,'2025-01-03 15:03:31.885694','');
CREATE TABLE IF NOT EXISTS django_session (session_key varchar(40) NOT NULL PRIMARY KEY, session_data text NOT NULL, expire_date datetime NOT NULL);
INSERT INTO django_session VALUES('4sr5cqt1x7egx2bndfolh3kr1x6jzp5g','.eJxVjMsOwiAQRf-FtSEDDJS6dO83kIEZpGrapI-V8d-1SRe6veec-1KJtrWlbZE5DazOyqjT75apPGTcAd9pvE26TOM6D1nvij7ooq8Ty_NyuH8HjZb2rdF4DKFzQob7UtlWqdn6QFih70qBXgCxgMWYq0MAoRg4WjHemcpOvT_jQDfJ:1tUBct:QUn54NaM6yzAK5aNwtDF7WP7kdAWv0KBVroPTrRM9o8','2025-01-18 21:24:07.629961');
INSERT INTO django_session VALUES('2srw2bdm417xzazo3dhj3627z2ijry30','.eJxVjMsOwiAQRf-FtSEDDJS6dO83kIEZpGrapI-V8d-1SRe6veec-1KJtrWlbZE5DazOyqjT75apPGTcAd9pvE26TOM6D1nvij7ooq8Ty_NyuH8HjZb2rdF4DKFzQob7UtlWqdn6QFih70qBXgCxgMWYq0MAoRg4WjHemcpOvT_jQDfJ:1tUEZ5:weT_Fv1qoqYDrBna87OO-5k9fJC3C3n0uk6WojscS9E','2025-01-19 00:32:23.322468');
CREATE TABLE IF NOT EXISTS guardiao_emprestimomaterial (id integer NOT NULL SERIAL PRIMARY KEY, quantidade integer unsigned NOT NULL CHECK (quantidade >= 0), emprestimo_id bigint NOT NULL REFERENCES guardiao_emprestimo (id) DEFERRABLE INITIALLY DEFERRED, material_id bigint NOT NULL REFERENCES guardiao_material (id) DEFERRABLE INITIALLY DEFERRED);
INSERT INTO guardiao_emprestimomaterial VALUES(54,1,39,4);
INSERT INTO guardiao_emprestimomaterial VALUES(55,1,39,10);
INSERT INTO guardiao_emprestimomaterial VALUES(56,3,39,11);
INSERT INTO guardiao_emprestimomaterial VALUES(57,30,39,13);
CREATE TABLE IF NOT EXISTS guardiao_emprestimo (id integer NOT NULL SERIAL PRIMARY KEY, destino varchar(200) NOT NULL, data_emprestimo datetime NOT NULL, data_devolucao datetime NULL, cliente_id bigint NOT NULL REFERENCES guardiao_cliente (id) DEFERRABLE INITIALLY DEFERRED, operador_id bigint NOT NULL REFERENCES guardiao_operador (id) DEFERRABLE INITIALLY DEFERRED, isAtiva bool NOT NULL);
INSERT INTO guardiao_emprestimo VALUES(39,'Missão','2025-01-05 02:17:32.889050','2025-01-23 04:00:00',1,1,1);
CREATE TABLE IF NOT EXISTS guardiao_categoria (id integer NOT NULL SERIAL PRIMARY KEY, nome varchar(100) NOT NULL UNIQUE, descricao text NOT NULL);
INSERT INTO guardiao_categoria VALUES(1,'Armamento','');
INSERT INTO guardiao_categoria VALUES(2,'Optrônicos','');
INSERT INTO guardiao_categoria VALUES(4,'Materiais externos','');
CREATE TABLE IF NOT EXISTS guardiao_emprestimohistorico (id integer NOT NULL SERIAL PRIMARY KEY, status varchar(50) NOT NULL, data datetime NOT NULL, emprestimo_id bigint NOT NULL REFERENCES guardiao_emprestimo (id) DEFERRABLE INITIALLY DEFERRED, operador_id bigint NULL REFERENCES guardiao_operador (id) DEFERRABLE INITIALLY DEFERRED);
CREATE TABLE IF NOT EXISTS guardiao_cliente (id integer NOT NULL SERIAL PRIMARY KEY, nome varchar(100) NOT NULL, identidade varchar(20) NOT NULL, imagem_identidade varchar(100) NULL, cpf varchar(14) NULL UNIQUE, foto varchar(100) NULL, isAtivo bool NOT NULL, organizacao_militar varchar(100) NULL);
INSERT INTO guardiao_cliente VALUES(1,'Magno Alves de Souza','023568321','identidades/new_dopesp.png','154648976541651','clientes/fotos/Design_sem_nome_3.png',1,'1º BIS');
INSERT INTO guardiao_cliente VALUES(2,'Marcos de Souza','0265656532','identidades/Comandos.jpg','1231654651','clientes/fotos/rato_transparente2.png',1,'4º BAVEX');
CREATE TABLE IF NOT EXISTS guardiao_operador (id integer NOT NULL SERIAL PRIMARY KEY, nome varchar(100) NOT NULL, identidade varchar(20) NOT NULL, user_id integer NOT NULL UNIQUE REFERENCES auth_user (id) DEFERRABLE INITIALLY DEFERRED, funcao varchar(100) NULL, nivel_acesso integer NOT NULL);
INSERT INTO guardiao_operador VALUES(1,'Leonardo Pimentel','0830200648',3,'Criador do sistema',3);
INSERT INTO guardiao_operador VALUES(2,'Alexander','165468435132',4,'Chefe da 2ª Seção',3);
INSERT INTO guardiao_operador VALUES(3,'Administrador','0000000000',1,'Administrador do sistema',3);
CREATE TABLE IF NOT EXISTS guardiao_material (id integer NOT NULL SERIAL PRIMARY KEY, nome varchar(100) NOT NULL, registro varchar(50) NULL UNIQUE, categoria_id bigint NULL REFERENCES guardiao_categoria (id) DEFERRABLE INITIALLY DEFERRED, quantidade_disponivel integer unsigned NOT NULL CHECK (quantidade_disponivel >= 0), quantidade_emprestada integer unsigned NOT NULL CHECK (quantidade_emprestada >= 0), quantidade_total integer unsigned NOT NULL CHECK (quantidade_total >= 0));
INSERT INTO guardiao_material VALUES(1,'Fuzil IA2 5,56mm','234423',1,0,1,1);
INSERT INTO guardiao_material VALUES(2,'Fuzil IA2 5,56mm','34353455',1,1,0,1);
INSERT INTO guardiao_material VALUES(3,'Fuzil IA2 5,56mm','443434',1,0,1,1);
INSERT INTO guardiao_material VALUES(4,'Fuzil IA2 5,56mm','54534534',1,1,0,1);
INSERT INTO guardiao_material VALUES(5,'Fuzil IA2 5,56mm','454455',1,1,0,1);
INSERT INTO guardiao_material VALUES(6,'Fuzil Para-Fal 5,56mm','56464',1,1,0,1);
INSERT INTO guardiao_material VALUES(7,'Fuzil Para-Fal 5,56mm','67566',1,0,1,1);
INSERT INTO guardiao_material VALUES(8,'Fuzil Para-Fal 5,56mm','675578787',1,1,0,1);
INSERT INTO guardiao_material VALUES(9,'Fuzil Para-Fal 5,56mm','3423',1,1,0,1);
INSERT INTO guardiao_material VALUES(10,'Luneta Carl Zeiss 50x','35454',2,1,0,1);
INSERT INTO guardiao_material VALUES(11,'Luneta de observação Bushnell',NULL,2,7,3,10);
INSERT INTO guardiao_material VALUES(12,'Binóculo Termal JIM LR','5987',2,1,0,1);
INSERT INTO guardiao_material VALUES(13,'Carregador IA2',NULL,1,270,30,300);
INSERT INTO guardiao_material VALUES(14,'Carregador Para-Fal',NULL,1,300,0,300);
INSERT INTO guardiao_material VALUES(15,'Binóculo Termal JIM LR','23333',2,1,0,1);
CREATE TABLE IF NOT EXISTS guardiao_case (id integer NOT NULL SERIAL PRIMARY KEY, descricao varchar(255) NOT NULL, responsavel varchar(100) NOT NULL, lacre varchar(50) NOT NULL UNIQUE, data_criacao datetime NOT NULL, data_atualizacao datetime NOT NULL);
INSERT INTO guardiao_case VALUES(3,'CASE PRETA 03','DAC','44234223','2025-01-04 23:15:48.242801','2025-01-04 23:15:55.619818');
CREATE TABLE IF NOT EXISTS guardiao_assinante (id integer NOT NULL SERIAL PRIMARY KEY, nome varchar(100) NOT NULL);
INSERT INTO guardiao_assinante VALUES(2,'Eduardo Cordeiro Vasconcelos - Maj');
INSERT INTO guardiao_assinante VALUES(3,'Alexandre Alves de Oliveira - 1º Ten');
INSERT INTO guardiao_assinante VALUES(4,'Iranildo da Cunha - Sd');
CREATE TABLE IF NOT EXISTS guardiao_funcaoassinante (id integer NOT NULL SERIAL PRIMARY KEY, nome varchar(100) NOT NULL);
INSERT INTO guardiao_funcaoassinante VALUES(2,'Subcomandante da 3ª Cia F Esp');
INSERT INTO guardiao_funcaoassinante VALUES(3,'Fiscal de Dia da 3ª Cia F Esp');
INSERT INTO guardiao_funcaoassinante VALUES(4,'Armeiro de Dia');
CREATE TABLE IF NOT EXISTS guardiao_prontoarmamento (id integer NOT NULL SERIAL PRIMARY KEY, data date NOT NULL, numero integer unsigned NOT NULL UNIQUE CHECK (numero >= 0), lacre varchar(50) NOT NULL, assinante_1_id bigint NOT NULL REFERENCES guardiao_assinante (id) DEFERRABLE INITIALLY DEFERRED, assinante_2_id bigint NOT NULL REFERENCES guardiao_assinante (id) DEFERRABLE INITIALLY DEFERRED, assinante_3_id bigint NOT NULL REFERENCES guardiao_assinante (id) DEFERRABLE INITIALLY DEFERRED, funcao_1_id bigint NOT NULL REFERENCES guardiao_funcaoassinante (id) DEFERRABLE INITIALLY DEFERRED, funcao_2_id bigint NOT NULL REFERENCES guardiao_funcaoassinante (id) DEFERRABLE INITIALLY DEFERRED, funcao_3_id bigint NOT NULL REFERENCES guardiao_funcaoassinante (id) DEFERRABLE INITIALLY DEFERRED, tabela text NOT NULL);
INSERT INTO guardiao_prontoarmamento VALUES(13,'2025-01-04',4,'23455345353',4,3,2,4,3,2,replace(replace('<div id=conteudo_salvo>\n<div class=mb-5>\n<h3 class=text-dark>Armamento</h3>\n<table class=table table-bordered table-striped table-sm>\n<thead class=table-dark>\n<tr>\n<th>Nome</th>\n<th>Existente</th>\n<th>Na Reserva</th>\n<th>Cautelados</th>\n<th>Destinos</th>\n</tr>\n</thead>\n<tbody>\n<tr>\n<td>Carregador IA2</td>\n<td>300</td>\n<td>0</td>\n<td>300</td>\n<td>\r\n                                \r\n                                    \r\n                                        (20) Missão, \r\n                                    \r\n                                        (10) casa, \r\n                                    \r\n                                        (270) 123\r\n                                    \r\n                                \r\n                            </td>\n</tr>\n<tr>\n<td>Carregador Para-Fal </td>\n<td>300</td>\n<td>250</td>\n<td>50</td>\n<td>\r\n                                \r\n                                    \r\n                                        (30) casa, \r\n                                    \r\n                                        (20) FORMATURA\r\n                                    \r\n                                \r\n                            </td>\n</tr>\n<tr>\n<td>Fuzil IA2 5,56mm</td>\n<td>5</td>\n<td>1</td>\n<td>4</td>\n<td>\r\n                                \r\n                                    \r\n                                        (2) Missão, \r\n                                    \r\n                                        (1) FORMATURA, \r\n                                    \r\n                                        (1) casa\r\n                                    \r\n                                \r\n                            </td>\n</tr>\n<tr>\n<td>Fuzil Para-Fal 5,56mm</td>\n<td>4</td>\n<td>2</td>\n<td>2</td>\n<td>\r\n                                \r\n                                    \r\n                                        (2) casa\r\n                                    \r\n                                \r\n                            </td>\n</tr>\n</tbody>\n</table>\n</div>\n<div class=mb-5>\n<h3 class=text-dark>Optrônicos</h3>\n<table class=table table-bordered table-striped table-sm>\n<thead class=table-dark>\n<tr>\n<th>Nome</th>\n<th>Existente</th>\n<th>Na Reserva</th>\n<th>Cautelados</th>\n<th>Destinos</th>\n</tr>\n</thead>\n<tbody>\n<tr>\n<td>Binóculo Termal JIM LR</td>\n<td>2</td>\n<td>2</td>\n<td>0</td>\n<td>\r\n                                \r\n                                    -\r\n                                \r\n                            </td>\n</tr>\n<tr>\n<td>Luneta Carl Zeiss 50x</td>\n<td>1</td>\n<td>0</td>\n<td>1</td>\n<td>\r\n                                \r\n                                    \r\n                                        (1) Missão\r\n                                    \r\n                                \r\n                            </td>\n</tr>\n<tr>\n<td>Luneta de observação Bushnell</td>\n<td>10</td>\n<td>0</td>\n<td>10</td>\n<td>\r\n                                \r\n                                    \r\n                                        (10) testeeeeee\r\n                                    \r\n                                \r\n                            </td>\n</tr>\n</tbody>\n</table>\n</div>\n<div class=mb-5>\n<h3 class=text-dark>Materiais externos</h3>\n<table class=table table-bordered table-striped table-sm>\n<thead class=table-dark>\n<tr>\n<th>Nome</th>\n<th>Existente</th>\n<th>Na Reserva</th>\n<th>Cautelados</th>\n<th>Destinos</th>\n</tr>\n</thead>\n<tbody>\n<tr>\n<td class=text-center colspan=5>Nenhum material encontrado nesta categoria.</td>\n</tr>\n</tbody>\n</table>\n</div>\n<div class=mb-5>\n<h3 class=text-dark>Cases</h3>\n<table class=table table-bordered table-striped table-sm>\n<thead class=table-dark>\n<tr>\n<th>Descrição</th>\n<th>Responsável</th>\n<th>Lacre</th>\n</tr>\n</thead>\n<tbody>\n<tr>\n<td>Case preta nª 07</td>\n<td>DAC</td>\n<td>33554456</td>\n</tr></tbody>\n</table>\n</div>\n</div>','\r',char(13)),'\n',char(10)));
INSERT INTO guardiao_prontoarmamento VALUES(14,'2025-01-04',5,'434',4,3,2,4,3,2,replace(replace('<div id=conteudo_salvo>\n<div class=mb-5>\n<h3 class=text-dark>Armamento</h3>\n<table class=table table-bordered table-striped table-sm>\n<thead class=table-dark>\n<tr>\n<th>Nome</th>\n<th>Existente</th>\n<th>Na Reserva</th>\n<th>Cautelados</th>\n<th>Destinos</th>\n</tr>\n</thead>\n<tbody>\n<tr>\n<td>Carregador IA2</td>\n<td>300</td>\n<td>0</td>\n<td>300</td>\n<td>\r\n                                \r\n                                    \r\n                                        (20) Missão, \r\n                                    \r\n                                        (10) casa, \r\n                                    \r\n                                        (270) 123\r\n                                    \r\n                                \r\n                            </td>\n</tr>\n<tr>\n<td>Carregador Para-Fal </td>\n<td>300</td>\n<td>250</td>\n<td>50</td>\n<td>\r\n                                \r\n                                    \r\n                                        (30) casa, \r\n                                    \r\n                                        (20) FORMATURA\r\n                                    \r\n                                \r\n                            </td>\n</tr>\n<tr>\n<td>Fuzil IA2 5,56mm</td>\n<td>5</td>\n<td>1</td>\n<td>4</td>\n<td>\r\n                                \r\n                                    \r\n                                        (2) Missão, \r\n                                    \r\n                                        (1) FORMATURA, \r\n                                    \r\n                                        (1) casa\r\n                                    \r\n                                \r\n                            </td>\n</tr>\n<tr>\n<td>Fuzil Para-Fal 5,56mm</td>\n<td>4</td>\n<td>2</td>\n<td>2</td>\n<td>\r\n                                \r\n                                    \r\n                                        (2) casa\r\n                                    \r\n                                \r\n                            </td>\n</tr>\n</tbody>\n</table>\n</div>\n<div class=mb-5>\n<h3 class=text-dark>Optrônicos</h3>\n<table class=table table-bordered table-striped table-sm>\n<thead class=table-dark>\n<tr>\n<th>Nome</th>\n<th>Existente</th>\n<th>Na Reserva</th>\n<th>Cautelados</th>\n<th>Destinos</th>\n</tr>\n</thead>\n<tbody>\n<tr>\n<td>Binóculo Termal JIM LR</td>\n<td>2</td>\n<td>2</td>\n<td>0</td>\n<td>\r\n                                \r\n                                    -\r\n                                \r\n                            </td>\n</tr>\n<tr>\n<td>Luneta Carl Zeiss 50x</td>\n<td>1</td>\n<td>0</td>\n<td>1</td>\n<td>\r\n                                \r\n                                    \r\n                                        (1) Missão\r\n                                    \r\n                                \r\n                            </td>\n</tr>\n<tr>\n<td>Luneta de observação Bushnell</td>\n<td>10</td>\n<td>0</td>\n<td>10</td>\n<td>\r\n                                \r\n                                    \r\n                                        (10) testeeeeee\r\n                                    \r\n                                \r\n                            </td>\n</tr>\n</tbody>\n</table>\n</div>\n<div class=mb-5>\n<h3 class=text-dark>Materiais externos</h3>\n<table class=table table-bordered table-striped table-sm>\n<thead class=table-dark>\n<tr>\n<th>Nome</th>\n<th>Existente</th>\n<th>Na Reserva</th>\n<th>Cautelados</th>\n<th>Destinos</th>\n</tr>\n</thead>\n<tbody>\n<tr>\n<td class=text-center colspan=5>Nenhum material encontrado nesta categoria.</td>\n</tr>\n</tbody>\n</table>\n</div>\n<div class=mb-5>\n<h3 class=text-dark>Cases</h3>\n<table class=table table-bordered table-striped table-sm>\n<thead class=table-dark>\n<tr>\n<th>Descrição</th>\n<th>Responsável</th>\n<th>Lacre</th>\n</tr>\n</thead>\n<tbody>\n<tr>\n<td>Case preta nª 07</td>\n<td>DAC</td>\n<td>33554456</td>\n</tr></tbody>\n</table>\n</div>\n</div>','\r',char(13)),'\n',char(10)));
INSERT INTO guardiao_prontoarmamento VALUES(15,'2025-01-04',6,'2222222',4,3,2,4,3,2,replace(replace('<div id=conteudo_salvo>\n<div class=mb-5>\n<h4 class=text-dark>Armamento</h4>\n<div class=table-responsive>\n<table class=table table-hover table-bordered table-striped table-sm tabela-pequena>\n<thead class=table-dark>\n<tr class=text-center>\n<th class=col-nome>Nome</th>\n<th class=col-existente>Existente</th>\n<th class=col-reserva>Na Reserva</th>\n<th class=col-cautelados>Cautelados</th>\n<th class=col-destinos>Destinos</th>\n</tr>\n</thead>\n<tbody>\n<tr>\n<td>Carregador IA2</td>\n<td class=text-center>300</td>\n<td class=text-center>0</td>\n<td class=text-center>300</td>\n<td>\r\n                                    \r\n                                        \r\n                                            (20) Missão, \r\n                                        \r\n                                            (10) casa, \r\n                                        \r\n                                            (270) 123\r\n                                        \r\n                                    \r\n                                </td>\n</tr>\n<tr>\n<td>Carregador Para-Fal </td>\n<td class=text-center>300</td>\n<td class=text-center>250</td>\n<td class=text-center>50</td>\n<td>\r\n                                    \r\n                                        \r\n                                            (30) casa, \r\n                                        \r\n                                            (20) FORMATURA\r\n                                        \r\n                                    \r\n                                </td>\n</tr>\n<tr>\n<td>Fuzil IA2 5,56mm</td>\n<td class=text-center>5</td>\n<td class=text-center>1</td>\n<td class=text-center>4</td>\n<td>\r\n                                    \r\n                                        \r\n                                            (2) Missão, \r\n                                        \r\n                                            (1) FORMATURA, \r\n                                        \r\n                                            (1) casa\r\n                                        \r\n                                    \r\n                                </td>\n</tr>\n<tr>\n<td>Fuzil Para-Fal 5,56mm</td>\n<td class=text-center>4</td>\n<td class=text-center>2</td>\n<td class=text-center>2</td>\n<td>\r\n                                    \r\n                                        \r\n                                            (2) casa\r\n                                        \r\n                                    \r\n                                </td>\n</tr>\n</tbody>\n</table>\n</div>\n</div>\n<div class=mb-5>\n<h4 class=text-dark>Optrônicos</h4>\n<div class=table-responsive>\n<table class=table table-hover table-bordered table-striped table-sm tabela-pequena>\n<thead class=table-dark>\n<tr class=text-center>\n<th class=col-nome>Nome</th>\n<th class=col-existente>Existente</th>\n<th class=col-reserva>Na Reserva</th>\n<th class=col-cautelados>Cautelados</th>\n<th class=col-destinos>Destinos</th>\n</tr>\n</thead>\n<tbody>\n<tr>\n<td>Binóculo Termal JIM LR</td>\n<td class=text-center>2</td>\n<td class=text-center>2</td>\n<td class=text-center>0</td>\n<td>\r\n                                    \r\n                                        -\r\n                                    \r\n                                </td>\n</tr>\n<tr>\n<td>Luneta Carl Zeiss 50x</td>\n<td class=text-center>1</td>\n<td class=text-center>0</td>\n<td class=text-center>1</td>\n<td>\r\n                                    \r\n                                        \r\n                                            (1) Missão\r\n                                        \r\n                                    \r\n                                </td>\n</tr>\n<tr>\n<td>Luneta de observação Bushnell</td>\n<td class=text-center>10</td>\n<td class=text-center>0</td>\n<td class=text-center>10</td>\n<td>\r\n                                    \r\n                                        \r\n                                            (10) testeeeeee\r\n                                        \r\n                                    \r\n                                </td>\n</tr>\n</tbody>\n</table>\n</div>\n</div>\n<div class=mb-5>\n<h4 class=text-dark>Materiais externos</h4>\n<div class=table-responsive>\n<table class=table table-hover table-bordered table-striped table-sm tabela-pequena>\n<thead class=table-dark>\n<tr class=text-center>\n<th class=col-nome>Nome</th>\n<th class=col-existente>Existente</th>\n<th class=col-reserva>Na Reserva</th>\n<th class=col-cautelados>Cautelados</th>\n<th class=col-destinos>Destinos</th>\n</tr>\n</thead>\n<tbody>\n<tr>\n<td class=text-center colspan=5>Nenhum material encontrado nesta categoria.</td>\n</tr>\n</tbody>\n</table>\n</div>\n</div>\n<div class=mb-5>\n<h3 class=text-dark>Cases</h3>\n<div class=table-responsive>\n<table class=table table-bordered table-striped table-sm tabela-pequena>\n<thead class=table-dark text-center>\n<tr>\n<th>Descrição</th>\n<th>Responsável</th>\n<th>Lacre</th>\n</tr>\n</thead>\n<tbody>\n<tr>\n<td>Case preta nª 07</td>\n<td>DAC</td>\n<td>33554456</td>\n</tr>\n</tbody>\n</table>\n</div>\n</div>\n</div>','\r',char(13)),'\n',char(10)));
INSERT INTO guardiao_prontoarmamento VALUES(16,'2025-01-04',7,'56546546654',4,3,2,4,3,2,replace(replace('<div id=conteudo_salvo>\n<div class=mb-5>\n<h4 class=text-dark>Armamento</h4>\n<div class=table-responsive>\n<table class=table table-hover table-bordered table-striped table-sm tabela-pequena>\n<thead class=table-dark>\n<tr class=text-center>\n<th class=col-nome>Nome</th>\n<th class=col-existente>Existente</th>\n<th class=col-reserva>Na Reserva</th>\n<th class=col-cautelados>Cautelados</th>\n<th class=col-destinos>Destinos</th>\n</tr>\n</thead>\n<tbody>\n<tr>\n<td>Carregador IA2</td>\n<td class=text-center>300</td>\n<td class=text-center>0</td>\n<td class=text-center>300</td>\n<td>\r\n                                    \r\n                                        \r\n                                            (20) Missão, \r\n                                        \r\n                                            (10) casa, \r\n                                        \r\n                                            (270) 123\r\n                                        \r\n                                    \r\n                                </td>\n</tr>\n<tr>\n<td>Carregador Para-Fal </td>\n<td class=text-center>300</td>\n<td class=text-center>250</td>\n<td class=text-center>50</td>\n<td>\r\n                                    \r\n                                        \r\n                                            (30) casa, \r\n                                        \r\n                                            (20) FORMATURA\r\n                                        \r\n                                    \r\n                                </td>\n</tr>\n<tr>\n<td>Fuzil IA2 5,56mm</td>\n<td class=text-center>5</td>\n<td class=text-center>1</td>\n<td class=text-center>4</td>\n<td>\r\n                                    \r\n                                        \r\n                                            (2) Missão, \r\n                                        \r\n                                            (1) FORMATURA, \r\n                                        \r\n                                            (1) casa\r\n                                        \r\n                                    \r\n                                </td>\n</tr>\n<tr>\n<td>Fuzil Para-Fal 5,56mm</td>\n<td class=text-center>4</td>\n<td class=text-center>2</td>\n<td class=text-center>2</td>\n<td>\r\n                                    \r\n                                        \r\n                                            (2) casa\r\n                                        \r\n                                    \r\n                                </td>\n</tr>\n</tbody>\n</table>\n</div>\n</div>\n<div class=mb-5>\n<h4 class=text-dark>Optrônicos</h4>\n<div class=table-responsive>\n<table class=table table-hover table-bordered table-striped table-sm tabela-pequena>\n<thead class=table-dark>\n<tr class=text-center>\n<th class=col-nome>Nome</th>\n<th class=col-existente>Existente</th>\n<th class=col-reserva>Na Reserva</th>\n<th class=col-cautelados>Cautelados</th>\n<th class=col-destinos>Destinos</th>\n</tr>\n</thead>\n<tbody>\n<tr>\n<td>Binóculo Termal JIM LR</td>\n<td class=text-center>2</td>\n<td class=text-center>2</td>\n<td class=text-center>0</td>\n<td>\r\n                                    \r\n                                        -\r\n                                    \r\n                                </td>\n</tr>\n<tr>\n<td>Luneta Carl Zeiss 50x</td>\n<td class=text-center>1</td>\n<td class=text-center>0</td>\n<td class=text-center>1</td>\n<td>\r\n                                    \r\n                                        \r\n                                            (1) Missão\r\n                                        \r\n                                    \r\n                                </td>\n</tr>\n<tr>\n<td>Luneta de observação Bushnell</td>\n<td class=text-center>10</td>\n<td class=text-center>0</td>\n<td class=text-center>10</td>\n<td>\r\n                                    \r\n                                        \r\n                                            (10) testeeeeee\r\n                                        \r\n                                    \r\n                                </td>\n</tr>\n</tbody>\n</table>\n</div>\n</div>\n<div class=mb-5>\n<h4 class=text-dark>Materiais externos</h4>\n<div class=table-responsive>\n<table class=table table-hover table-bordered table-striped table-sm tabela-pequena>\n<thead class=table-dark>\n<tr class=text-center>\n<th class=col-nome>Nome</th>\n<th class=col-existente>Existente</th>\n<th class=col-reserva>Na Reserva</th>\n<th class=col-cautelados>Cautelados</th>\n<th class=col-destinos>Destinos</th>\n</tr>\n</thead>\n<tbody>\n<tr>\n<td class=text-center colspan=5>Nenhum material encontrado nesta categoria.</td>\n</tr>\n</tbody>\n</table>\n</div>\n</div>\n<div class=mb-5>\n<h3 class=text-dark>Cases</h3>\n<div class=table-responsive>\n<table class=table table-bordered table-striped table-sm tabela-pequena>\n<thead class=table-dark text-center>\n<tr>\n<th>Descrição</th>\n<th>Responsável</th>\n<th>Lacre</th>\n</tr>\n</thead>\n<tbody>\n<tr>\n<td>Case preta nª 07</td>\n<td>DAC</td>\n<td>33554456</td>\n</tr>\n</tbody>\n</table>\n</div>\n</div>\n</div>','\r',char(13)),'\n',char(10)));
INSERT INTO guardiao_prontoarmamento VALUES(17,'2025-01-04',8,'abcde',4,3,2,4,3,2,replace(replace('<div id=conteudo_salvo>\n<style>\r\n\r\n                .tabela-pequena {\r\n                    font-size: 13px; /* Reduz o tamanho da fonte */\r\n                }\r\n                .assinaturas-container {\r\n                    margin-top: 30px;\r\n                    display: flex;\r\n                    justify-content: center;\r\n                    flex-wrap: wrap;\r\n                    gap: 20px;\r\n                }\r\n                .assinatura-box {\r\n                    width: 250px;\r\n                    text-align: center;\r\n                }\r\n            </style>\n<div class=mb-5>\n<h6 class=text-dark>Armamento</h6>\n<div class=table-responsive>\n<table class=table table-hover table-bordered table-striped table-sm tabela-pequena>\n<thead class=table-dark>\n<tr class=text-center>\n<th class=col-nome>Nome</th>\n<th class=col-existente>Existente</th>\n<th class=col-reserva>Na Reserva</th>\n<th class=col-cautelados>Cautelados</th>\n<th class=col-destinos>Destinos</th>\n</tr>\n</thead>\n<tbody>\n<tr>\n<td>Carregador IA2</td>\n<td class=text-center>300</td>\n<td class=text-center>0</td>\n<td class=text-center>300</td>\n<td>\r\n                                    \r\n                                        \r\n                                            (20) Missão, \r\n                                        \r\n                                            (10) casa, \r\n                                        \r\n                                            (270) 123\r\n                                        \r\n                                    \r\n                                </td>\n</tr>\n<tr>\n<td>Carregador Para-Fal </td>\n<td class=text-center>300</td>\n<td class=text-center>250</td>\n<td class=text-center>50</td>\n<td>\r\n                                    \r\n                                        \r\n                                            (30) casa, \r\n                                        \r\n                                            (20) FORMATURA\r\n                                        \r\n                                    \r\n                                </td>\n</tr>\n<tr>\n<td>Fuzil IA2 5,56mm</td>\n<td class=text-center>5</td>\n<td class=text-center>1</td>\n<td class=text-center>4</td>\n<td>\r\n                                    \r\n                                        \r\n                                            (2) Missão, \r\n                                        \r\n                                            (1) FORMATURA, \r\n                                        \r\n                                            (1) casa\r\n                                        \r\n                                    \r\n                                </td>\n</tr>\n<tr>\n<td>Fuzil Para-Fal 5,56mm</td>\n<td class=text-center>4</td>\n<td class=text-center>2</td>\n<td class=text-center>2</td>\n<td>\r\n                                    \r\n                                        \r\n                                            (2) casa\r\n                                        \r\n                                    \r\n                                </td>\n</tr>\n</tbody>\n</table>\n</div>\n</div>\n<div class=mb-5>\n<h6 class=text-dark>Optrônicos</h6>\n<div class=table-responsive>\n<table class=table table-hover table-bordered table-striped table-sm tabela-pequena>\n<thead class=table-dark>\n<tr class=text-center>\n<th class=col-nome>Nome</th>\n<th class=col-existente>Existente</th>\n<th class=col-reserva>Na Reserva</th>\n<th class=col-cautelados>Cautelados</th>\n<th class=col-destinos>Destinos</th>\n</tr>\n</thead>\n<tbody>\n<tr>\n<td>Binóculo Termal JIM LR</td>\n<td class=text-center>2</td>\n<td class=text-center>2</td>\n<td class=text-center>0</td>\n<td>\r\n                                    \r\n                                        -\r\n                                    \r\n                                </td>\n</tr>\n<tr>\n<td>Luneta Carl Zeiss 50x</td>\n<td class=text-center>1</td>\n<td class=text-center>0</td>\n<td class=text-center>1</td>\n<td>\r\n                                    \r\n                                        \r\n                                            (1) Missão\r\n                                        \r\n                                    \r\n                                </td>\n</tr>\n<tr>\n<td>Luneta de observação Bushnell</td>\n<td class=text-center>10</td>\n<td class=text-center>0</td>\n<td class=text-center>10</td>\n<td>\r\n                                    \r\n                                        \r\n                                            (10) testeeeeee\r\n                                        \r\n                                    \r\n                                </td>\n</tr>\n</tbody>\n</table>\n</div>\n</div>\n<div class=mb-5>\n<h6 class=text-dark>Materiais externos</h6>\n<div class=table-responsive>\n<table class=table table-hover table-bordered table-striped table-sm tabela-pequena>\n<thead class=table-dark>\n<tr class=text-center>\n<th class=col-nome>Nome</th>\n<th class=col-existente>Existente</th>\n<th class=col-reserva>Na Reserva</th>\n<th class=col-cautelados>Cautelados</th>\n<th class=col-destinos>Destinos</th>\n</tr>\n</thead>\n<tbody>\n<tr>\n<td class=text-center colspan=5>Nenhum material encontrado nesta categoria.</td>\n</tr>\n</tbody>\n</table>\n</div>\n</div>\n<div class=mb-5>\n<h6 class=text-dark>Cases</h6>\n<div class=table-responsive>\n<table class=table table-bordered table-striped table-sm tabela-pequena>\n<thead class=table-dark text-center>\n<tr>\n<th>Descrição</th>\n<th>Responsável</th>\n<th>Lacre</th>\n</tr>\n</thead>\n<tbody>\n<tr>\n<td>Case preta nª 07</td>\n<td>DAC</td>\n<td>33554456</td>\n</tr>\n</tbody>\n</table>\n</div>\n</div>\n</div>','\r',char(13)),'\n',char(10)));
INSERT INTO guardiao_prontoarmamento VALUES(18,'2025-01-04',9,'3333333',4,3,2,4,3,2,replace(replace('<div id=conteudo_salvo>\n<style>\r\n                .col-nome { width: 30%; }\r\n                .col-existente { width: 10%; }\r\n                .col-reserva { width: 10%; }\r\n                .col-cautelados { width: 10%; }\r\n                .col-destinos { width: 40%; }\r\n                .tabela-pequena {\r\n                    font-size: 13px; /* Reduz o tamanho da fonte */\r\n                }\r\n                .assinaturas-container {\r\n                    margin-top: 30px;\r\n                    display: flex;\r\n                    justify-content: center;\r\n                    flex-wrap: wrap;\r\n                    gap: 20px;\r\n                }\r\n                .assinatura-box {\r\n                    width: 250px;\r\n                    text-align: center;\r\n                }\r\n            </style>\n<div class=mb-5>\n<h6 class=text-dark>Armamento</h6>\n<div class=table-responsive>\n<table class=table table-hover table-bordered table-striped table-sm tabela-pequena>\n<thead class=table-dark>\n<tr class=text-center>\n<th class=col-nome>Nome</th>\n<th class=col-existente>Existente</th>\n<th class=col-reserva>Na Reserva</th>\n<th class=col-cautelados>Cautelados</th>\n<th class=col-destinos>Destinos</th>\n</tr>\n</thead>\n<tbody>\n<tr>\n<td>Carregador IA2</td>\n<td class=text-center>300</td>\n<td class=text-center>0</td>\n<td class=text-center>300</td>\n<td>\r\n                                    \r\n                                        \r\n                                            (20) Missão, \r\n                                        \r\n                                            (10) casa, \r\n                                        \r\n                                            (270) 123\r\n                                        \r\n                                    \r\n                                </td>\n</tr>\n<tr>\n<td>Carregador Para-Fal </td>\n<td class=text-center>300</td>\n<td class=text-center>250</td>\n<td class=text-center>50</td>\n<td>\r\n                                    \r\n                                        \r\n                                            (30) casa, \r\n                                        \r\n                                            (20) FORMATURA\r\n                                        \r\n                                    \r\n                                </td>\n</tr>\n<tr>\n<td>Fuzil IA2 5,56mm</td>\n<td class=text-center>5</td>\n<td class=text-center>1</td>\n<td class=text-center>4</td>\n<td>\r\n                                    \r\n                                        \r\n                                            (2) Missão, \r\n                                        \r\n                                            (1) FORMATURA, \r\n                                        \r\n                                            (1) casa\r\n                                        \r\n                                    \r\n                                </td>\n</tr>\n<tr>\n<td>Fuzil Para-Fal 5,56mm</td>\n<td class=text-center>4</td>\n<td class=text-center>2</td>\n<td class=text-center>2</td>\n<td>\r\n                                    \r\n                                        \r\n                                            (2) casa\r\n                                        \r\n                                    \r\n                                </td>\n</tr>\n</tbody>\n</table>\n</div>\n</div>\n<div class=mb-5>\n<h6 class=text-dark>Optrônicos</h6>\n<div class=table-responsive>\n<table class=table table-hover table-bordered table-striped table-sm tabela-pequena>\n<thead class=table-dark>\n<tr class=text-center>\n<th class=col-nome>Nome</th>\n<th class=col-existente>Existente</th>\n<th class=col-reserva>Na Reserva</th>\n<th class=col-cautelados>Cautelados</th>\n<th class=col-destinos>Destinos</th>\n</tr>\n</thead>\n<tbody>\n<tr>\n<td>Binóculo Termal JIM LR</td>\n<td class=text-center>2</td>\n<td class=text-center>2</td>\n<td class=text-center>0</td>\n<td>\r\n                                    \r\n                                        -\r\n                                    \r\n                                </td>\n</tr>\n<tr>\n<td>Luneta Carl Zeiss 50x</td>\n<td class=text-center>1</td>\n<td class=text-center>0</td>\n<td class=text-center>1</td>\n<td>\r\n                                    \r\n                                        \r\n                                            (1) Missão\r\n                                        \r\n                                    \r\n                                </td>\n</tr>\n<tr>\n<td>Luneta de observação Bushnell</td>\n<td class=text-center>10</td>\n<td class=text-center>0</td>\n<td class=text-center>10</td>\n<td>\r\n                                    \r\n                                        \r\n                                            (10) testeeeeee\r\n                                        \r\n                                    \r\n                                </td>\n</tr>\n</tbody>\n</table>\n</div>\n</div>\n<div class=mb-5>\n<h6 class=text-dark>Materiais externos</h6>\n<div class=table-responsive>\n<table class=table table-hover table-bordered table-striped table-sm tabela-pequena>\n<thead class=table-dark>\n<tr class=text-center>\n<th class=col-nome>Nome</th>\n<th class=col-existente>Existente</th>\n<th class=col-reserva>Na Reserva</th>\n<th class=col-cautelados>Cautelados</th>\n<th class=col-destinos>Destinos</th>\n</tr>\n</thead>\n<tbody>\n<tr>\n<td class=text-center colspan=5>Nenhum material encontrado nesta categoria.</td>\n</tr>\n</tbody>\n</table>\n</div>\n</div>\n<div class=mb-5>\n<h6 class=text-dark>Cases</h6>\n<div class=table-responsive>\n<table class=table table-bordered table-striped table-sm tabela-pequena>\n<thead class=table-dark text-center>\n<tr>\n<th>Descrição</th>\n<th>Responsável</th>\n<th>Lacre</th>\n</tr>\n</thead>\n<tbody>\n<tr>\n<td>Case preta nª 07</td>\n<td>DAC</td>\n<td>33554456</td>\n</tr>\n</tbody>\n</table>\n</div>\n</div>\n</div>','\r',char(13)),'\n',char(10)));
INSERT INTO guardiao_prontoarmamento VALUES(19,'2025-01-04',10,'22323233',4,3,2,4,3,2,replace(replace('<div id=conteudo_salvo>\n<style>\r\n                .col-nome { width: 30%; }\r\n                .col-existente { width: 12%; }\r\n                .col-reserva { width: 12%; }\r\n                .col-cautelados { width: 12%; }\r\n                .col-destinos { width: 34%; }\r\n                .tabela-pequena {\r\n                    font-size: 13px; /* Reduz o tamanho da fonte */\r\n                }\r\n                .assinaturas-container {\r\n                    margin-top: 30px;\r\n                    display: flex;\r\n                    justify-content: center;\r\n                    flex-wrap: wrap;\r\n                    gap: 20px;\r\n                }\r\n                .assinatura-box {\r\n                    width: 250px;\r\n                    text-align: center;\r\n                }\r\n            </style>\n<div class=mb-5>\n<h6 class=text-dark>Armamento</h6>\n<div class=table-responsive>\n<table class=table table-hover table-bordered table-striped table-sm tabela-pequena>\n<thead class=table-dark>\n<tr class=text-center>\n<th class=col-nome>Nome</th>\n<th class=col-existente>Existente</th>\n<th class=col-reserva>Na Reserva</th>\n<th class=col-cautelados>Cautelados</th>\n<th class=col-destinos>Destinos</th>\n</tr>\n</thead>\n<tbody>\n<tr>\n<td>Carregador IA2</td>\n<td class=text-center>300</td>\n<td class=text-center>0</td>\n<td class=text-center>300</td>\n<td>\r\n                                    \r\n                                        \r\n                                            (20) Missão, \r\n                                        \r\n                                            (10) casa, \r\n                                        \r\n                                            (270) 123\r\n                                        \r\n                                    \r\n                                </td>\n</tr>\n<tr>\n<td>Carregador Para-Fal </td>\n<td class=text-center>300</td>\n<td class=text-center>250</td>\n<td class=text-center>50</td>\n<td>\r\n                                    \r\n                                        \r\n                                            (30) casa, \r\n                                        \r\n                                            (20) FORMATURA\r\n                                        \r\n                                    \r\n                                </td>\n</tr>\n<tr>\n<td>Fuzil IA2 5,56mm</td>\n<td class=text-center>5</td>\n<td class=text-center>1</td>\n<td class=text-center>4</td>\n<td>\r\n                                    \r\n                                        \r\n                                            (2) Missão, \r\n                                        \r\n                                            (1) FORMATURA, \r\n                                        \r\n                                            (1) casa\r\n                                        \r\n                                    \r\n                                </td>\n</tr>\n<tr>\n<td>Fuzil Para-Fal 5,56mm</td>\n<td class=text-center>4</td>\n<td class=text-center>2</td>\n<td class=text-center>2</td>\n<td>\r\n                                    \r\n                                        \r\n                                            (2) casa\r\n                                        \r\n                                    \r\n                                </td>\n</tr>\n</tbody>\n</table>\n</div>\n</div>\n<div class=mb-5>\n<h6 class=text-dark>Optrônicos</h6>\n<div class=table-responsive>\n<table class=table table-hover table-bordered table-striped table-sm tabela-pequena>\n<thead class=table-dark>\n<tr class=text-center>\n<th class=col-nome>Nome</th>\n<th class=col-existente>Existente</th>\n<th class=col-reserva>Na Reserva</th>\n<th class=col-cautelados>Cautelados</th>\n<th class=col-destinos>Destinos</th>\n</tr>\n</thead>\n<tbody>\n<tr>\n<td>Binóculo Termal JIM LR</td>\n<td class=text-center>2</td>\n<td class=text-center>2</td>\n<td class=text-center>0</td>\n<td>\r\n                                    \r\n                                        -\r\n                                    \r\n                                </td>\n</tr>\n<tr>\n<td>Luneta Carl Zeiss 50x</td>\n<td class=text-center>1</td>\n<td class=text-center>0</td>\n<td class=text-center>1</td>\n<td>\r\n                                    \r\n                                        \r\n                                            (1) Missão\r\n                                        \r\n                                    \r\n                                </td>\n</tr>\n<tr>\n<td>Luneta de observação Bushnell</td>\n<td class=text-center>10</td>\n<td class=text-center>0</td>\n<td class=text-center>10</td>\n<td>\r\n                                    \r\n                                        \r\n                                            (10) testeeeeee\r\n                                        \r\n                                    \r\n                                </td>\n</tr>\n</tbody>\n</table>\n</div>\n</div>\n<div class=mb-5>\n<h6 class=text-dark>Materiais externos</h6>\n<div class=table-responsive>\n<table class=table table-hover table-bordered table-striped table-sm tabela-pequena>\n<thead class=table-dark>\n<tr class=text-center>\n<th class=col-nome>Nome</th>\n<th class=col-existente>Existente</th>\n<th class=col-reserva>Na Reserva</th>\n<th class=col-cautelados>Cautelados</th>\n<th class=col-destinos>Destinos</th>\n</tr>\n</thead>\n<tbody>\n<tr>\n<td class=text-center colspan=5>Nenhum material encontrado nesta categoria.</td>\n</tr>\n</tbody>\n</table>\n</div>\n</div>\n<div class=mb-5>\n<h6 class=text-dark>Cases</h6>\n<div class=table-responsive>\n<table class=table table-bordered table-striped table-sm tabela-pequena>\n<thead class=table-dark text-center>\n<tr>\n<th>Descrição</th>\n<th>Responsável</th>\n<th>Lacre</th>\n</tr>\n</thead>\n<tbody>\n<tr>\n<td>Case preta nª 07</td>\n<td>DAC</td>\n<td>33554456</td>\n</tr>\n</tbody>\n</table>\n</div>\n</div>\n</div>','\r',char(13)),'\n',char(10)));
INSERT INTO guardiao_prontoarmamento VALUES(20,'2025-01-04',11,'3233134432',4,3,2,4,3,2,replace(replace('<div id=conteudo_salvo>\n<style>\r\n                .col-nome { width: 30%; }\r\n                .col-existente { width: 12%; }\r\n                .col-reserva { width: 12%; }\r\n                .col-cautelados { width: 12%; }\r\n                .col-destinos { width: 34%; }\r\n                .tabela-pequena {\r\n                    font-size: 13px; /* Reduz o tamanho da fonte */\r\n                }\r\n                .assinaturas-container {\r\n                    margin-top: 30px;\r\n                    display: flex;\r\n                    justify-content: center;\r\n                    flex-wrap: wrap;\r\n                    gap: 20px;\r\n                }\r\n                .assinatura-box {\r\n                    width: 250px;\r\n                    text-align: center;\r\n                }\r\n            </style>\n<div class=mb-5>\n<h6 class=text-dark>Armamento</h6>\n<div class=table-responsive>\n<table class=table table-hover table-bordered table-striped table-sm tabela-pequena>\n<thead class=table-dark>\n<tr class=text-center>\n<th class=col-nome>Nome</th>\n<th class=col-existente>Existente</th>\n<th class=col-reserva>Na Reserva</th>\n<th class=col-cautelados>Cautelados</th>\n<th class=col-destinos>Destinos</th>\n</tr>\n</thead>\n<tbody>\n<tr>\n<td>Carregador IA2</td>\n<td class=text-center>300</td>\n<td class=text-center>0</td>\n<td class=text-center>300</td>\n<td>\r\n                                    \r\n                                        \r\n                                            (20) Missão, \r\n                                        \r\n                                            (10) casa, \r\n                                        \r\n                                            (270) 123\r\n                                        \r\n                                    \r\n                                </td>\n</tr>\n<tr>\n<td>Carregador Para-Fal </td>\n<td class=text-center>300</td>\n<td class=text-center>250</td>\n<td class=text-center>50</td>\n<td>\r\n                                    \r\n                                        \r\n                                            (30) casa, \r\n                                        \r\n                                            (20) FORMATURA\r\n                                        \r\n                                    \r\n                                </td>\n</tr>\n<tr>\n<td>Fuzil IA2 5,56mm</td>\n<td class=text-center>5</td>\n<td class=text-center>1</td>\n<td class=text-center>4</td>\n<td>\r\n                                    \r\n                                        \r\n                                            (2) Missão, \r\n                                        \r\n                                            (1) FORMATURA, \r\n                                        \r\n                                            (1) casa\r\n                                        \r\n                                    \r\n                                </td>\n</tr>\n<tr>\n<td>Fuzil Para-Fal 5,56mm</td>\n<td class=text-center>4</td>\n<td class=text-center>2</td>\n<td class=text-center>2</td>\n<td>\r\n                                    \r\n                                        \r\n                                            (2) casa\r\n                                        \r\n                                    \r\n                                </td>\n</tr>\n</tbody>\n</table>\n</div>\n</div>\n<div class=mb-5>\n<h6 class=text-dark>Optrônicos</h6>\n<div class=table-responsive>\n<table class=table table-hover table-bordered table-striped table-sm tabela-pequena>\n<thead class=table-dark>\n<tr class=text-center>\n<th class=col-nome>Nome</th>\n<th class=col-existente>Existente</th>\n<th class=col-reserva>Na Reserva</th>\n<th class=col-cautelados>Cautelados</th>\n<th class=col-destinos>Destinos</th>\n</tr>\n</thead>\n<tbody>\n<tr>\n<td>Binóculo Termal JIM LR</td>\n<td class=text-center>2</td>\n<td class=text-center>2</td>\n<td class=text-center>0</td>\n<td>\r\n                                    \r\n                                        -\r\n                                    \r\n                                </td>\n</tr>\n<tr>\n<td>Luneta Carl Zeiss 50x</td>\n<td class=text-center>1</td>\n<td class=text-center>0</td>\n<td class=text-center>1</td>\n<td>\r\n                                    \r\n                                        \r\n                                            (1) Missão\r\n                                        \r\n                                    \r\n                                </td>\n</tr>\n<tr>\n<td>Luneta de observação Bushnell</td>\n<td class=text-center>10</td>\n<td class=text-center>0</td>\n<td class=text-center>10</td>\n<td>\r\n                                    \r\n                                        \r\n                                            (10) testeeeeee\r\n                                        \r\n                                    \r\n                                </td>\n</tr>\n</tbody>\n</table>\n</div>\n</div>\n<div class=mb-5>\n<h6 class=text-dark>Materiais externos</h6>\n<div class=table-responsive>\n<table class=table table-hover table-bordered table-striped table-sm tabela-pequena>\n<thead class=table-dark>\n<tr class=text-center>\n<th class=col-nome>Nome</th>\n<th class=col-existente>Existente</th>\n<th class=col-reserva>Na Reserva</th>\n<th class=col-cautelados>Cautelados</th>\n<th class=col-destinos>Destinos</th>\n</tr>\n</thead>\n<tbody>\n<tr>\n<td class=text-center colspan=5>Nenhum material encontrado nesta categoria.</td>\n</tr>\n</tbody>\n</table>\n</div>\n</div>\n<div class=mb-5>\n<h6 class=text-dark>Cases</h6>\n<div class=table-responsive>\n<table class=table table-bordered table-striped table-sm tabela-pequena>\n<thead class=table-dark text-center>\n<tr>\n<th>Descrição</th>\n<th>Responsável</th>\n<th>Lacre</th>\n</tr>\n</thead>\n<tbody>\n<tr>\n<td>CASE PRETA 03</td>\n<td>DAC</td>\n<td>44234223</td>\n</tr>\n</tbody>\n</table>\n</div>\n</div>\n</div>','\r',char(13)),'\n',char(10)));
INSERT INTO sqlite_sequence VALUES('django_migrations',36);
INSERT INTO sqlite_sequence VALUES('django_admin_log',158);
INSERT INTO sqlite_sequence VALUES('django_content_type',17);
INSERT INTO sqlite_sequence VALUES('auth_permission',68);
INSERT INTO sqlite_sequence VALUES('auth_group',0);
INSERT INTO sqlite_sequence VALUES('auth_user',4);
INSERT INTO sqlite_sequence VALUES('guardiao_emprestimo',42);
INSERT INTO sqlite_sequence VALUES('guardiao_emprestimomaterial',61);
INSERT INTO sqlite_sequence VALUES('guardiao_categoria',4);
INSERT INTO sqlite_sequence VALUES('guardiao_emprestimohistorico',34);
INSERT INTO sqlite_sequence VALUES('guardiao_cliente',3);
INSERT INTO sqlite_sequence VALUES('guardiao_operador',3);
INSERT INTO sqlite_sequence VALUES('guardiao_material',15);
INSERT INTO sqlite_sequence VALUES('guardiao_case',3);
INSERT INTO sqlite_sequence VALUES('guardiao_funcaoassinante',4);
INSERT INTO sqlite_sequence VALUES('guardiao_assinante',4);
INSERT INTO sqlite_sequence VALUES('guardiao_prontoarmamento',20);
CREATE UNIQUE INDEX auth_group_permissions_group_id_permission_id_0cd325b0_uniq ON auth_group_permissions (group_id, permission_id);
CREATE INDEX auth_group_permissions_group_id_b120cbf9 ON auth_group_permissions (group_id);
CREATE INDEX auth_group_permissions_permission_id_84c5c92e ON auth_group_permissions (permission_id);
CREATE UNIQUE INDEX auth_user_groups_user_id_group_id_94350c0c_uniq ON auth_user_groups (user_id, group_id);
CREATE INDEX auth_user_groups_user_id_6a12ed8b ON auth_user_groups (user_id);
CREATE INDEX auth_user_groups_group_id_97559544 ON auth_user_groups (group_id);
CREATE UNIQUE INDEX auth_user_user_permissions_user_id_permission_id_14a6b632_uniq ON auth_user_user_permissions (user_id, permission_id);
CREATE INDEX auth_user_user_permissions_user_id_a95ead1b ON auth_user_user_permissions (user_id);
CREATE INDEX auth_user_user_permissions_permission_id_1fbb5f2c ON auth_user_user_permissions (permission_id);
CREATE INDEX django_admin_log_content_type_id_c4bce8eb ON django_admin_log (content_type_id);
CREATE INDEX django_admin_log_user_id_c564eba6 ON django_admin_log (user_id);
CREATE UNIQUE INDEX django_content_type_app_label_model_76bd3d3b_uniq ON django_content_type (app_label, model);
CREATE UNIQUE INDEX auth_permission_content_type_id_codename_01ab375a_uniq ON auth_permission (content_type_id, codename);
CREATE INDEX auth_permission_content_type_id_2f476e4b ON auth_permission (content_type_id);
CREATE INDEX django_session_expire_date_a5c62663 ON django_session (expire_date);
CREATE INDEX guardiao_emprestimomaterial_emprestimo_id_95e473ad ON guardiao_emprestimomaterial (emprestimo_id);
CREATE INDEX guardiao_emprestimomaterial_material_id_44e78a17 ON guardiao_emprestimomaterial (material_id);
CREATE INDEX guardiao_emprestimo_cliente_id_7946aba1 ON guardiao_emprestimo (cliente_id);
CREATE INDEX guardiao_emprestimo_operador_id_7fe128f0 ON guardiao_emprestimo (operador_id);
CREATE INDEX guardiao_emprestimohistorico_emprestimo_id_5169d591 ON guardiao_emprestimohistorico (emprestimo_id);
CREATE INDEX guardiao_emprestimohistorico_operador_id_74eb0054 ON guardiao_emprestimohistorico (operador_id);
CREATE INDEX guardiao_material_categoria_id_1b517172 ON guardiao_material (categoria_id);
CREATE INDEX guardiao_prontoarmamento_assinante_1_id_40a0e205 ON guardiao_prontoarmamento (assinante_1_id);
CREATE INDEX guardiao_prontoarmamento_assinante_2_id_32420624 ON guardiao_prontoarmamento (assinante_2_id);
CREATE INDEX guardiao_prontoarmamento_assinante_3_id_9f823a43 ON guardiao_prontoarmamento (assinante_3_id);
CREATE INDEX guardiao_prontoarmamento_funcao_1_id_84902af6 ON guardiao_prontoarmamento (funcao_1_id);
CREATE INDEX guardiao_prontoarmamento_funcao_2_id_d583fd6b ON guardiao_prontoarmamento (funcao_2_id);
CREATE INDEX guardiao_prontoarmamento_funcao_3_id_3c4a4939 ON guardiao_prontoarmamento (funcao_3_id);
COMMIT;
